
CREATE TABLE artist (
	eng_name varchar2(20),
	kor_name varchar2(20),
	head_img varchar2(4000)
);

INSERT INTO ARTIST VALUES ('KANG Min Su','강민수','https://static.wixstatic.com/media/520ee6_f35bb2f9510e4b0da46ad27c6ab6bca1~mv2.jpg/v1/fill/w_396,h_420,al_c,lg_1,q_80,enc_auto/520ee6_f35bb2f9510e4b0da46ad27c6ab6bca1~mv2.jpg');
INSERT INTO ARTIST VALUES('KIM Dae Soo','김대수','https://static.wixstatic.com/media/520ee6_7cf2e2aeeccc437e98fcf8bbf31cbdd5~mv2.jpg/v1/fill/w_396,h_420,al_c,lg_1,q_80,enc_auto/520ee6_7cf2e2aeeccc437e98fcf8bbf31cbdd5~mv2.jpg');
INSERT INTO ARTIST VALUES('KIM Sea Joong','김세중','https://static.wixstatic.com/media/520ee6_3c8caa2fb5cf4cc9b4714750b5c9b3d7~mv2.jpg/v1/fill/w_396,h_420,al_c,q_80,usm_0.66_1.00_0.01,enc_auto/520ee6_3c8caa2fb5cf4cc9b4714750b5c9b3d7~mv2.jpg');
INSERT INTO ARTIST VALUES('PARK Jong Kyu','박종규','https://static.wixstatic.com/media/520ee6_2da2e90a94ef47239830b2ed3c642c13~mv2.jpg/v1/fill/w_396,h_420,al_c,q_80,usm_0.66_1.00_0.01,enc_auto/520ee6_2da2e90a94ef47239830b2ed3c642c13~mv2.jpg');
INSERT INTO ARTIST VALUES('SUH Yongsun','서용선','https://static.wixstatic.com/media/520ee6_2646dc6770964c7aacba48cb35560106~mv2.jpg/v1/fill/w_396,h_420,al_c,q_80,usm_0.66_1.00_0.01,enc_auto/520ee6_2646dc6770964c7aacba48cb35560106~mv2.jpg');
INSERT INTO ARTIST VALUES('SHIN Sun Joo','신선주','https://static.wixstatic.com/media/520ee6_b9ba6ed099874a81bd54cd206e218d6f~mv2.jpg/v1/fill/w_396,h_420,al_c,q_80,usm_0.66_1.00_0.01,enc_auto/520ee6_b9ba6ed099874a81bd54cd206e218d6f~mv2.jpg');
INSERT INTO ARTIST VALUES('LEE Gil Rae','이길래','https://static.wixstatic.com/media/520ee6_7a87a60fb0894a169ea8e4c55b7abae4~mv2.jpg/v1/fill/w_396,h_420,al_c,lg_1,q_80,enc_auto/520ee6_7a87a60fb0894a169ea8e4c55b7abae4~mv2.jpg');
INSERT INTO ARTIST VALUES('LEE Hun Chung','이헌정','https://static.wixstatic.com/media/520ee6_b186e4da4429490c8e24cae76dd57954~mv2.jpg/v1/fill/w_377,h_400,al_c,lg_1,q_80,enc_auto/520ee6_b186e4da4429490c8e24cae76dd57954~mv2.jpg');
INSERT INTO ARTIST VALUES('JUNG Sane','정세인','https://static.wixstatic.com/media/520ee6_403e400906634c05abcaef96d96af24e~mv2.jpg/v1/fill/w_396,h_420,al_c,q_80,usm_0.66_1.00_0.01,enc_auto/520ee6_403e400906634c05abcaef96d96af24e~mv2.jpg');
INSERT INTO ARTIST VALUES('CHO Tae Gwang','조태광','https://static.wixstatic.com/media/520ee6_ae7609d3c6664750af02ea60d817f519~mv2.jpg/v1/fill/w_396,h_420,al_c,lg_1,q_80,enc_auto/520ee6_ae7609d3c6664750af02ea60d817f519~mv2.jpg');
INSERT INTO ARTIST VALUES ('HAN Ji Soc','한지석','https://static.wixstatic.com/media/520ee6_4805673b6cc74b26955e544b9eb87e35~mv2.jpg/v1/fill/w_396,h_420,al_c,q_80,usm_0.66_1.00_0.01,enc_auto/520ee6_4805673b6cc74b26955e544b9eb87e35~mv2.jpg');
INSERT INTO ARTIST VALUES('KANG Jung Hun','강정훈','https://static.wixstatic.com/media/520ee6_ad1688832e9a46adb9885963ced22b1d~mv2.jpg/v1/fill/w_377,h_400,al_c,lg_1,q_80,enc_auto/520ee6_ad1688832e9a46adb9885963ced22b1d~mv2.jpg');
INSERT INTO ARTIST VALUES('KIM Do Kyun','김도균','https://static.wixstatic.com/media/520ee6_7439cac7fe2e410ca486df7ac20a6634~mv2.jpg/v1/fill/w_396,h_420,al_c,q_80,usm_0.66_1.00_0.01,enc_auto/520ee6_7439cac7fe2e410ca486df7ac20a6634~mv2.jpg');
INSERT INTO ARTIST VALUES('KIM Jongmin Joy','김종민','https://static.wixstatic.com/media/520ee6_2917f39b0a2a48148e8b92151d557a8e~mv2.jpg/v1/fill/w_396,h_420,al_c,q_80,usm_0.66_1.00_0.01,enc_auto/520ee6_2917f39b0a2a48148e8b92151d557a8e~mv2.jpg');
INSERT INTO ARTIST VALUES('PARK Ji Hyun','박지현','https://static.wixstatic.com/media/520ee6_25c1c88f6e7e4a23b0369f920a3733d9~mv2.jpg/v1/fill/w_396,h_420,al_c,lg_1,q_80,enc_auto/520ee6_25c1c88f6e7e4a23b0369f920a3733d9~mv2.jpg');
INSERT INTO ARTIST VALUES('SONG Eun Young','송은영','https://static.wixstatic.com/media/520ee6_d05fcef970c74b3c807131523627882f~mv2.jpg/v1/fill/w_396,h_420,al_c,q_80,usm_0.66_1.00_0.01,enc_auto/520ee6_d05fcef970c74b3c807131523627882f~mv2.jpg');
INSERT INTO ARTIST VALUES('LEE Sang Yong','이상용','https://static.wixstatic.com/media/520ee6_36ce8304f7ef40419d60ca7c20718c0a~mv2.jpg/v1/fill/w_396,h_420,al_c,lg_1,q_80,enc_auto/520ee6_36ce8304f7ef40419d60ca7c20718c0a~mv2.jpg');
INSERT INTO ARTIST VALUES('JANG Seung Taik','장승택','https://static.wixstatic.com/media/520ee6_c98fa633638546048368b76aff5cd840~mv2.jpg/v1/fill/w_396,h_420,al_c,q_80,usm_0.66_1.00_0.01,enc_auto/520ee6_c98fa633638546048368b76aff5cd840~mv2.jpg');
INSERT INTO ARTIST VALUES('JUNG Jung Yeob','정정엽','https://static.wixstatic.com/media/520ee6_e1e7a2667daf41f8a17688e1ccea7a5e~mv2.jpg/v1/fill/w_396,h_420,al_c,q_80,usm_0.66_1.00_0.01,enc_auto/520ee6_e1e7a2667daf41f8a17688e1ccea7a5e~mv2.jpg');
INSERT INTO ARTIST VALUES('CHO Hae Young','조해영','https://static.wixstatic.com/media/520ee6_8b45d832eeda47e3a43642bbcb76b202~mv2.jpg/v1/fill/w_373,h_396,al_c,lg_1,q_80,enc_auto/520ee6_8b45d832eeda47e3a43642bbcb76b202~mv2.jpg');
INSERT INTO ARTIST VALUES('HUH Dal Jae','허달재','https://static.wixstatic.com/media/520ee6_e3cb12e3fcde480dbd3ec431086fff4c~mv2.jpg/v1/fill/w_396,h_420,al_c,q_80,usm_0.66_1.00_0.01,enc_auto/520ee6_e3cb12e3fcde480dbd3ec431086fff4c~mv2.jpg');
INSERT INTO ARTIST VALUES('KANG Hyung Koo','강형구','https://static.wixstatic.com/media/520ee6_f0259c4dfca04c17990bf2e85c75fb80~mv2_d_3492_5304_s_4_2.jpg/v1/fill/w_396,h_420,al_c,q_80,usm_0.66_1.00_0.01,enc_auto/520ee6_f0259c4dfca04c17990bf2e85c75fb80~mv2_d_3492_5304_s_4_2.jpg');
INSERT INTO ARTIST VALUES('KIM Dong Wook','김동욱','https://static.wixstatic.com/media/520ee6_746c5b3acb36462d964d722870ea7f7f~mv2_d_2000_1335_s_2.jpg/v1/fill/w_396,h_420,al_c,q_80,usm_0.66_1.00_0.01,enc_auto/520ee6_746c5b3acb36462d964d722870ea7f7f~mv2_d_2000_1335_s_2.jpg');
INSERT INTO ARTIST VALUES('KIM Jung Hyang','김정향','https://static.wixstatic.com/media/520ee6_72925e899cbd4816b5af40c0da9993b5~mv2.jpg/v1/fill/w_396,h_420,al_c,lg_1,q_80,enc_auto/520ee6_72925e899cbd4816b5af40c0da9993b5~mv2.jpg');
INSERT INTO ARTIST VALUES('PARK Hee Seop','박희섭','https://static.wixstatic.com/media/520ee6_4b0a0c9729e14c8197b641957318ce71~mv2_d_2000_1999_s_2.jpg/v1/fill/w_396,h_420,al_c,q_80,usm_0.66_1.00_0.01,enc_auto/520ee6_4b0a0c9729e14c8197b641957318ce71~mv2_d_2000_1999_s_2.jpg');
INSERT INTO ARTIST VALUES('SUK Chuljoo','석철주','https://static.wixstatic.com/media/520ee6_01d28bb9fedd474a99371ebc5fa875fb~mv2.jpg/v1/fill/w_396,h_420,al_c,q_80,usm_0.66_1.00_0.01,enc_auto/520ee6_01d28bb9fedd474a99371ebc5fa875fb~mv2.jpg');
INSERT INTO ARTIST VALUES('WOO Kuk Won','우국원','https://static.wixstatic.com/media/520ee6_fd7f5bc6349b4acdb022d613913d1aa3~mv2.jpg/v1/fill/w_396,h_420,al_c,q_80,usm_0.66_1.00_0.01,enc_auto/520ee6_fd7f5bc6349b4acdb022d613913d1aa3~mv2.jpg');
INSERT INTO ARTIST VALUES('LEE Ye Leen','이예린','https://static.wixstatic.com/media/520ee6_240d40b11f634b70b8ee56cb769dd96f~mv2.png/v1/fill/w_396,h_420,al_c,lg_1,enc_auto/520ee6_240d40b11f634b70b8ee56cb769dd96f~mv2.png');
INSERT INTO ARTIST VALUES('CHANG Hyun Joo','장현주','https://static.wixstatic.com/media/520ee6_937cc341b3a843549f244a17d612fb6a~mv2.jpg/v1/fill/w_396,h_420,al_c,q_80,usm_0.66_1.00_0.01,enc_auto/520ee6_937cc341b3a843549f244a17d612fb6a~mv2.jpg');
INSERT INTO ARTIST VALUES('JEONG Zik Seong','정직성','https://static.wixstatic.com/media/520ee6_c3ba6114ddc8446da982edd5a5a040dd~mv2.jpg/v1/fill/w_396,h_420,al_c,q_80,usm_0.66_1.00_0.01,enc_auto/520ee6_c3ba6114ddc8446da982edd5a5a040dd~mv2.jpg');
INSERT INTO ARTIST VALUES ('CHA Keanam','차계남','https://static.wixstatic.com/media/520ee6_9667fc46b50c4d52b1b461435f1ac0a4~mv2.jpg/v1/fill/w_396,h_420,al_c,q_80,usm_0.66_1.00_0.01,enc_auto/520ee6_9667fc46b50c4d52b1b461435f1ac0a4~mv2.jpg');
INSERT INTO ARTIST VALUES('HONG Soo Yeon','홍수연','https://static.wixstatic.com/media/520ee6_109b6edcb95347e9bc113e72c3341c39~mv2.jpg/v1/fill/w_396,h_420,al_c,q_80,usm_0.66_1.00_0.01,enc_auto/520ee6_109b6edcb95347e9bc113e72c3341c39~mv2.jpg');
INSERT INTO ARTIST VALUES('KWON Yong Rae','권용래','https://static.wixstatic.com/media/520ee6_20d0923f99a7490e8bae927ac7cbf3ea~mv2.jpg/v1/fill/w_396,h_420,al_c,q_80,usm_0.66_1.00_0.01,enc_auto/520ee6_20d0923f99a7490e8bae927ac7cbf3ea~mv2.jpg');
INSERT INTO ARTIST VALUES('KIM Dongyoo','김동유','https://static.wixstatic.com/media/520ee6_aba88038e822492ab2e14f20dca62361~mv2.jpg/v1/fill/w_396,h_420,al_c,q_80,usm_0.66_1.00_0.01,enc_auto/520ee6_aba88038e822492ab2e14f20dca62361~mv2.jpg');
INSERT INTO ARTIST VALUES('KIM Tschoonsu','김춘수','https://static.wixstatic.com/media/520ee6_ae4e446bd17241c98b09931cbcd71423~mv2.jpg/v1/fill/w_396,h_420,al_c,q_80,usm_0.66_1.00_0.01,enc_auto/520ee6_ae4e446bd17241c98b09931cbcd71423~mv2.jpg');
INSERT INTO ARTIST VALUES('BACK Seung Woo','백승우','https://static.wixstatic.com/media/520ee6_65800a02b59a44bbbd92f870384ce08b~mv2_d_4405_2362_s_2.jpg/v1/fill/w_396,h_420,al_c,q_80,usm_0.66_1.00_0.01,enc_auto/520ee6_65800a02b59a44bbbd92f870384ce08b~mv2_d_4405_2362_s_2.jpg');
INSERT INTO ARTIST VALUES('WON Beom Sik','원범식','https://static.wixstatic.com/media/520ee6_601c50145363406dacbccfeaf28ab8f4~mv2.jpg/v1/fill/w_396,h_420,al_c,q_80,usm_0.66_1.00_0.01,enc_auto/520ee6_601c50145363406dacbccfeaf28ab8f4~mv2.jpg');
INSERT INTO ARTIST VALUES('LEE Jeong Lok','이정록','https://static.wixstatic.com/media/520ee6_f037de061fa74902ac89d8fbddd8886c~mv2.jpg/v1/fill/w_396,h_420,al_c,lg_1,q_80,enc_auto/520ee6_f037de061fa74902ac89d8fbddd8886c~mv2.jpg');
INSERT INTO ARTIST VALUES('LIM Sung Pill','임성필','https://static.wixstatic.com/media/520ee6_94a7b928070d46c9b86f2e0441783473~mv2.jpg/v1/fill/w_396,h_420,al_c,lg_1,q_80,enc_auto/520ee6_94a7b928070d46c9b86f2e0441783473~mv2.jpg');
INSERT INTO ARTIST VALUES('JE Yeoran','제여란','https://static.wixstatic.com/media/520ee6_091e69edddfb408dafe91550fbf046a3~mv2.jpg/v1/fill/w_396,h_420,al_c,q_80,usm_0.66_1.00_0.01,enc_auto/520ee6_091e69edddfb408dafe91550fbf046a3~mv2.jpg');
INSERT INTO ARTIST VALUES('HAN Sung Pil','한성필','https://static.wixstatic.com/media/520ee6_f875037a70e341a6a98be4f148f7321c~mv2.png/v1/fill/w_396,h_420,al_c,usm_0.66_1.00_0.01,enc_auto/520ee6_f875037a70e341a6a98be4f148f7321c~mv2.png');
INSERT INTO ARTIST VALUES('PARK Yoon Kyung','박윤경','https://static.wixstatic.com/media/520ee6_8b5d52f17375442fb0d072c7e31222f5~mv2.jpg/v1/fill/w_396,h_420,al_c,q_80,usm_0.66_1.00_0.01,enc_auto/520ee6_8b5d52f17375442fb0d072c7e31222f5~mv2.jpg');
INSERT INTO ARTIST VALUES('BYUN Jae Hee','변재희','https://static.wixstatic.com/media/520ee6_ed09f0fd3cb048ce915bcaf015cde37c~mv2.jpg/v1/fill/w_396,h_420,al_c,lg_1,q_80,enc_auto/520ee6_ed09f0fd3cb048ce915bcaf015cde37c~mv2.jpg');
INSERT INTO ARTIST VALUES('SOHN Jin Ah','손진아','https://static.wixstatic.com/media/520ee6_d7775f9aa88447eeac6cff8f79438f89~mv2.jpg/v1/fill/w_396,h_420,al_c,q_80,usm_0.66_1.00_0.01,enc_auto/520ee6_d7775f9aa88447eeac6cff8f79438f89~mv2.jpg');
INSERT INTO ARTIST VALUES('LEE Kyojun','이교준','https://static.wixstatic.com/media/520ee6_4c0bc472d2fa417fb3a48e8d25148df1~mv2.jpg/v1/fill/w_396,h_420,al_c,q_80,usm_0.66_1.00_0.01,enc_auto/520ee6_4c0bc472d2fa417fb3a48e8d25148df1~mv2.jpg');
INSERT INTO ARTIST VALUES('LEE Joong Keun','이중근','https://static.wixstatic.com/media/520ee6_727bac4c656a4a0d87be99591c48944d~mv2_d_3348_4919_s_4_2.jpg/v1/fill/w_396,h_420,al_c,q_80,usm_0.66_1.00_0.01,enc_auto/520ee6_727bac4c656a4a0d87be99591c48944d~mv2_d_3348_4919_s_4_2.jpg');
INSERT INTO ARTIST VALUES('JEONG Se Ra','정세라','https://static.wixstatic.com/media/520ee6_be6803a27b2640848ff25ed7a8e1adce~mv2.jpg/v1/fill/w_396,h_420,al_c,lg_1,q_80,enc_auto/520ee6_be6803a27b2640848ff25ed7a8e1adce~mv2.jpg');
INSERT INTO ARTIST VALUES('CHO Moon Hee','조문희','https://static.wixstatic.com/media/520ee6_15d3ed2ad6934eb28adaec38722607e1~mv2.jpg/v1/fill/w_396,h_420,al_c,q_80,usm_0.66_1.00_0.01,enc_auto/520ee6_15d3ed2ad6934eb28adaec38722607e1~mv2.jpg');
INSERT INTO ARTIST VALUES('Han Jae Yeol','한재열','https://static.wixstatic.com/media/520ee6_7e2eff6781dd41aba2ffcfd63d02d417~mv2.jpg/v1/fill/w_396,h_420,al_c,q_80,usm_0.66_1.00_0.01,enc_auto/520ee6_7e2eff6781dd41aba2ffcfd63d02d417~mv2.jpg');












CREATE TABLE artist_featured_works (
	eng_name varchar2(20),
	featured_works varchar2(2000)
);

INSERT INTO ARTIST_FEATURED_WORKS VALUES('KWON Yong Rae','https://static.wixstatic.com/media/520ee6_20d0923f99a7490e8bae927ac7cbf3ea~mv2.jpg/v1/fill/w_1346,h_1080,al_c,q_85,usm_0.66_1.00_0.01,enc_auto/520ee6_20d0923f99a7490e8bae927ac7cbf3ea~mv2.jpg');
INSERT INTO ARTIST_FEATURED_WORKS VALUES('KWON Yong Rae','https://static.wixstatic.com/media/520ee6_9dcc891b59c94c57ace572b86f548993~mv2.jpg/v1/fill/w_1346,h_1080,al_c,q_85,usm_0.66_1.00_0.01,enc_auto/520ee6_9dcc891b59c94c57ace572b86f548993~mv2.jpg');
INSERT INTO ARTIST_FEATURED_WORKS VALUES('KWON Yong Rae','https://static.wixstatic.com/media/520ee6_bb99daad7dba41b8acfdfa930139210c~mv2.jpg/v1/fill/w_1346,h_1080,al_c,q_85,usm_0.66_1.00_0.01,enc_auto/520ee6_bb99daad7dba41b8acfdfa930139210c~mv2.jpg');
INSERT INTO ARTIST_FEATURED_WORKS VALUES('KWON Yong Rae','https://static.wixstatic.com/media/520ee6_e86d0e34a8304b97b00984400a63bd4e~mv2.jpg/v1/fill/w_1346,h_1080,al_c,q_85,usm_0.66_1.00_0.01,enc_auto/520ee6_e86d0e34a8304b97b00984400a63bd4e~mv2.jpg');
INSERT INTO ARTIST_FEATURED_WORKS VALUES('KWON Yong Rae','https://static.wixstatic.com/media/520ee6_2028d85769b7483d9b15109ea31533bf~mv2.jpg/v1/fill/w_1346,h_1080,al_c,q_85,usm_0.66_1.00_0.01,enc_auto/520ee6_2028d85769b7483d9b15109ea31533bf~mv2.jpg');
INSERT INTO ARTIST_FEATURED_WORKS VALUES('KIM Sea Joong','https://static.wixstatic.com/media/520ee6_50517a113ab24d56ab05c41db08f2731~mv2.jpg');
INSERT INTO ARTIST_FEATURED_WORKS VALUES('KIM Sea Joong','https://static.wixstatic.com/media/520ee6_54e1edb488fc4cc7934230551548e636~mv2.jpg');
INSERT INTO ARTIST_FEATURED_WORKS VALUES('KIM Sea Joong','https://static.wixstatic.com/media/520ee6_519e6aa72abf46c49b819202b607e8fb~mv2.jpg');
INSERT INTO ARTIST_FEATURED_WORKS VALUES('KIM Sea Joong','https://static.wixstatic.com/media/520ee6_7fd76e0fb88a4fc0a2ccefef401ac28d~mv2.jpg');
INSERT INTO ARTIST_FEATURED_WORKS VALUES('KIM Jung Hyang','https://static.wixstatic.com/media/520ee6_25ffee3a9f58453d90fdaa8431dae5dc~mv2.jpg/v1/fill/w_749,h_600,al_c,q_85,enc_auto/520ee6_25ffee3a9f58453d90fdaa8431dae5dc~mv2.jpg');
INSERT INTO ARTIST_FEATURED_WORKS VALUES('KIM Jung Hyang','https://static.wixstatic.com/media/520ee6_df4327fffe274783b0ce56884660eb25~mv2.jpg');
INSERT INTO ARTIST_FEATURED_WORKS VALUES('KIM Jung Hyang','https://static.wixstatic.com/media/520ee6_a82daadae9c1467ca96b5bdff6762eb4~mv2.jpg/v1/fill/w_1260,h_1010,al_c,q_85,usm_0.66_1.00_0.01,enc_auto/520ee6_a82daadae9c1467ca96b5bdff6762eb4~mv2.jpg');
INSERT INTO ARTIST_FEATURED_WORKS VALUES('KIM Jung Hyang','https://static.wixstatic.com/media/520ee6_3c7b5ab0440b4a0282bc2d0d6c56debf~mv2.jpg');
INSERT INTO ARTIST_FEATURED_WORKS VALUES('KIM Jongmin Joy','https://static.wixstatic.com/media/520ee6_6327bbfac73c45ac9061ebb889d8b976~mv2.jpg/v1/fill/w_1260,h_1014,al_c,q_85,usm_0.66_1.00_0.01,enc_auto/520ee6_6327bbfac73c45ac9061ebb889d8b976~mv2.jpg');
INSERT INTO ARTIST_FEATURED_WORKS VALUES('KIM Jongmin Joy','https://static.wixstatic.com/media/520ee6_6eb34cf090f248ca9dc462307ebd89b2~mv2.jpg/v1/fill/w_1260,h_1014,al_c,q_85,usm_0.66_1.00_0.01,enc_auto/520ee6_6eb34cf090f248ca9dc462307ebd89b2~mv2.jpg');
INSERT INTO ARTIST_FEATURED_WORKS VALUES('KIM Jongmin Joy','https://static.wixstatic.com/media/520ee6_29433a9472f74cb7bf074be185d576ff~mv2.jpg/v1/fill/w_1260,h_1014,al_c,q_85,usm_0.66_1.00_0.01,enc_auto/520ee6_29433a9472f74cb7bf074be185d576ff~mv2.jpg');
INSERT INTO ARTIST_FEATURED_WORKS VALUES('KANG Hyung Koo','https://static.wixstatic.com/media/520ee6_f0259c4dfca04c17990bf2e85c75fb80~mv2_d_3492_5304_s_4_2.jpg/v1/fill/w_1264,h_1014,al_c,q_85,usm_0.66_1.00_0.01,enc_auto/520ee6_f0259c4dfca04c17990bf2e85;75fb80~mv2_d_3492_5304_s_4_2.jpg');
INSERT INTO ARTIST_FEATURED_WORKS VALUES('KANG Hyung Koo','https://static.wixstatic.com/media/520ee6_e4b1c7d6a4ca4519b757e5b02275e51b~mv2.jpg/v1/fill/w_1264,h_1014,al_c,q_85,usm_0.66_1.00_0.01,enc_auto/520ee6_e4b1c7d6a4ca4519b757e5b02275e51b~mv2.jpg');
INSERT INTO ARTIST_FEATURED_WORKS VALUES('KANG Hyung Koo','https://static.wixstatic.com/media/520ee6_0af2da4f566c4abbbff1463a530bb6b6~mv2.jpg/v1/fill/w_1264,h_1014,al_c,q_85,usm_0.66_1.00_0.01,enc_auto/520ee6_0af2da4f566c4abbbff1463a530bb6b6~mv2.jpg');
INSERT INTO ARTIST_FEATURED_WORKS VALUES('KANG Hyung Koo','https://static.wixstatic.com/media/520ee6_47fa905d6d864b07867a822773e60338~mv2.jpg/v1/fill/w_1264,h_1014,al_c,q_85,usm_0.66_1.00_0.01,enc_auto/520ee6_47fa905d6d864b07867a822773e60338~mv2.jpg');
INSERT INTO ARTIST_FEATURED_WORKS VALUES('KIM Tschoonsu','https://static.wixstatic.com/media/520ee6_030c328be897429fadf2c6f10b3d1200~mv2.jpg/v1/fill/w_770,h_621,al_c,q_85,enc_auto/520ee6_030c328be897429fadf2c6f10b3d1200~mv2.jpg');
INSERT INTO ARTIST_FEATURED_WORKS VALUES('Kim Dae Soo','https://static.wixstatic.com/media/520ee6_b47307cc38734950a47f431b870aa4ee~mv2.jpg/v1/fill/w_600,h_449,al_c,lg_1,q_80,enc_auto/520ee6_b47307cc38734950a47f431b870aa4ee~mv2.jpg');
INSERT INTO ARTIST_FEATURED_WORKS VALUES('KIM Dae Soo','https://static.wixstatic.com/media/520ee6_b47307cc38734950a47f431b870aa4ee~mv2.jpg/v1/fill/w_600,h_449,al_c,lg_1,q_80,enc_auto/520ee6_b47307cc38734950a47f431b870aa4ee~mv2.jpg');
INSERT INTO ARTIST_FEATURED_WORKS VALUES('KIM Do Kyun','https://static.wixstatic.com/media/520ee6_f89dfa0ceccc4af988f13c4a08784b78~mv2.jpg/v1/fill/w_1266,h_1012,al_c,q_85,usm_0.66_1.00_0.01,enc_auto/520ee6_f89dfa0ceccc4af988f13c4a08784b78~mv2.jpg');
INSERT INTO ARTIST_FEATURED_WORKS VALUES('KIM Do Kyun','https://static.wixstatic.com/media/520ee6_feecb6a3a80b4a749953254dd03b28f1~mv2.jpg/v1/fill/w_1266,h_1012,al_c,q_85,usm_0.66_1.00_0.01,enc_auto/520ee6_feecb6a3a80b4a749953254dd03b28f1~mv2.jpg');
INSERT INTO ARTIST_FEATURED_WORKS VALUES('KIM Do Kyun','https://static.wixstatic.com/media/520ee6_459688cbceaa46359c3ae4d64b0ae50b~mv2.jpg/v1/fill/w_1266,h_1012,al_t,q_85,usm_0.66_1.00_0.01,enc_auto/520ee6_459688cbceaa46359c3ae4d64b0ae50b~mv2.jpg');
INSERT INTO ARTIST_FEATURED_WORKS VALUES('KIM Do Kyun','https://static.wixstatic.com/media/520ee6_5e1a140d59744192b3e55958d0c34971~mv2.jpg/v1/fill/w_1266,h_1012,al_c,q_85,usm_0.66_1.00_0.01,enc_auto/520ee6_5e1a140d59744192b3e55958d0c34971~mv2.jpg');
INSERT INTO ARTIST_FEATURED_WORKS VALUES('KIM Dong Wook','https://static.wixstatic.com/media/520ee6_d8507f8c176448a69a8d038cc2820063~mv2.jpg/v1/fill/w_1260,h_1014,al_c,q_85,usm_0.66_1.00_0.01,enc_auto/520ee6_d8507f8c176448a69a8d038cc2820063~mv2.jpg');
INSERT INTO ARTIST_FEATURED_WORKS VALUES('KIM Dong Wook','https://static.wixstatic.com/media/520ee6_f3d51b7cb816412294294fe1872645ad~mv2.jpg/v1/fill/w_1260,h_1014,al_c,q_85,usm_0.66_1.00_0.01,enc_auto/520ee6_f3d51b7cb816412294294fe1872645ad~mv2.jpg');
INSERT INTO ARTIST_FEATURED_WORKS VALUES('KIM Dong Wook','https://static.wixstatic.com/media/520ee6_af80cf620b124cc9b977dc012cf809fc~mv2.jpg/v1/fill/w_1260,h_1014,al_c,q_85,usm_0.66_1.00_0.01,enc_auto/520ee6_af80cf620b124cc9b977dc012cf809fc~mv2.jpg');
INSERT INTO ARTIST_FEATURED_WORKS VALUES('KIM Dong Wook','https://static.wixstatic.com/media/520ee6_a75687138e5d4690baa18285ca3f24ee~mv2.jpg/v1/fill/w_1260,h_1014,al_c,q_85,usm_0.66_1.00_0.01,enc_auto/520ee6_a75687138e5d4690baa18285ca3f24ee~mv2.jpg');
INSERT INTO ARTIST_FEATURED_WORKS VALUES('KIM Dongyoo','https://static.wixstatic.com/media/520ee6_aba88038e822492ab2e14f20dca62361~mv2.jpg/v1/fill/w_1000,h_806,al_c,q_85,enc_auto/520ee6_aba88038e822492ab2e14f20dca62361~mv2.jpg');
INSERT INTO ARTIST_FEATURED_WORKS VALUES('KIM Dongyoo','https://static.wixstatic.com/media/520ee6_5a16891cba304f52ae806ae0ca033920~mv2.jpg/v1/fill/w_1000,h_806,al_c,q_85,enc_auto/520ee6_5a16891cba304f52ae806ae0ca033920~mv2.jpg');
INSERT INTO ARTIST_FEATURED_WORKS VALUES('PARK Jong Kyu','https://static.wixstatic.com/media/520ee6_f9be42f554854870aa7d347937c5f561~mv2.jpg/v1/fill/w_1346,h_1080,al_c,q_85,usm_0.66_1.00_0.01,enc_auto/520ee6_f9be42f554854870aa7d347937c5f561~mv2.jpg');
INSERT INTO ARTIST_FEATURED_WORKS VALUES('PARK Jong Kyu','https://static.wixstatic.com/media/520ee6_cd2915b2100e40d58e349c37c67b88b0~mv2.jpg/v1/fill/w_1346,h_1080,al_c,q_85,usm_0.66_1.00_0.01,enc_auto/520ee6_cd2915b2100e40d58e349c37c67b88b0~mv2.jpg');
INSERT INTO ARTIST_FEATURED_WORKS VALUES('PARK Jong Kyu','https://static.wixstatic.com/media/520ee6_2da2e90a94ef47239830b2ed3c642c13~mv2.jpg/v1/fill/w_1346,h_1080,al_c,q_85,usm_0.66_1.00_0.01,enc_auto/520ee6_2da2e90a94ef47239830b2ed3c642c13~mv2.jpg');
INSERT INTO ARTIST_FEATURED_WORKS VALUES('PARK Jong Kyu','https://static.wixstatic.com/media/520ee6_de0398521cc6454cbabd0b5e5847abc3~mv2.jpg/v1/fill/w_1346,h_1080,al_c,q_85,usm_0.66_1.00_0.01,enc_auto/520ee6_de0398521cc6454cbabd0b5e5847abc3~mv2.jpg');
INSERT INTO ARTIST_FEATURED_WORKS VALUES('PARK Jong Kyu','https://static.wixstatic.com/media/520ee6_fb98a2f6a58d43b89c1253fc552d3c83~mv2.jpg/v1/fill/w_1346,h_1080,al_c,q_85,usm_0.66_1.00_0.01,enc_auto/520ee6_fb98a2f6a58d43b89c1253fc552d3c83~mv2.jpg');
INSERT INTO ARTIST_FEATURED_WORKS VALUES('PARK Yoon Kyung','https://static.wixstatic.com/media/520ee6_3e36eb97e43049eebbcb44e90a577956~mv2.jpg/v1/fill/w_1194,h_961,al_c,q_85,enc_auto/520ee6_3e36eb97e43049eebbcb44e90a577956~mv2.jpg');
INSERT INTO ARTIST_FEATURED_WORKS VALUES('PARK Yoon Kyung','https://static.wixstatic.com/media/520ee6_b38d5f3307164868a9800c4d63bacaf5~mv2.jpg/v1/fill/w_1260,h_1014,al_c,q_85,usm_0.66_1.00_0.01,enc_auto/520ee6_b38d5f3307164868a9800c4d63bacaf5~mv2.jpg');
INSERT INTO ARTIST_FEATURED_WORKS VALUES('PARK Ji Hyun','https://static.wixstatic.com/media/520ee6_651984ec8a914e9189bfde0c63828b8a~mv2.jpg/v1/fill/w_1260,h_1016,al_c,q_85,usm_0.66_1.00_0.01,enc_auto/520ee6_651984ec8a914e9189bfde0c63828b8a~mv2.jpg');
INSERT INTO ARTIST_FEATURED_WORKS VALUES('PARK Ji Hyun','https://static.wixstatic.com/media/520ee6_befbf2b1d8b74a1a9fba9f8534748a52~mv2.jpg/v1/crop/x_0,y_0,w_500,h_307,q_80,enc_auto/520ee6_befbf2b1d8b74a1a9fba9f8534748a52~mv2.jpg');
INSERT INTO ARTIST_FEATURED_WORKS VALUES('PARK Yoon Kyung','https://static.wixstatic.com/media/520ee6_64acc020c69c4af8826b9f6df053e28c~mv2.jpg/v1/fill/w_1260,h_1014,al_c,q_85,usm_0.66_1.00_0.01,enc_auto/520ee6_64acc020c69c4af8826b9f6df053e28c~mv2.jpg');
INSERT INTO ARTIST_FEATURED_WORKS VALUES('PARK Yoon Kyung','https://static.wixstatic.com/media/520ee6_8b5d52f17375442fb0d072c7e31222f5~mv2.jpg/v1/fill/w_1260,h_1014,al_c,q_85,usm_0.66_1.00_0.01,enc_auto/520ee6_8b5d52f17375442fb0d072c7e31222f5~mv2.jpg');
INSERT INTO ARTIST_FEATURED_WORKS VALUES('PARK Hee Seop','https://static.wixstatic.com/media/520ee6_f839c0b3b09b4aae8fb234d9baf40bd9~mv2.jpg/v1/fill/w_1260,h_1012,al_c,q_85,usm_0.66_1.00_0.01,enc_auto/520ee6_f839c0b3b09b4aae8fb234d9baf40bd9~mv2.jpg');
INSERT INTO ARTIST_FEATURED_WORKS VALUES('PARK Hee Seop','https://static.wixstatic.com/media/520ee6_2eafc86e0ad04fefa3ff3f578465a190~mv2.jpg/v1/fill/w_1260,h_1012,al_c,q_85,usm_0.66_1.00_0.01,enc_auto/520ee6_2eafc86e0ad04fefa3ff3f578465a190~mv2.jpg');
INSERT INTO ARTIST_FEATURED_WORKS VALUES('PARK Ji Hyun','https://static.wixstatic.com/media/520ee6_7ef5caae2c364c5fa19dac58043292e8~mv2.jpg/v1/fill/w_1260,h_1016,al_c,q_85,usm_0.66_1.00_0.01,enc_auto/520ee6_7ef5caae2c364c5fa19dac58043292e8~mv2.jpg');
INSERT INTO ARTIST_FEATURED_WORKS VALUES('PARK Ji Hyun','https://static.wixstatic.com/media/520ee6_7d5fde913c6041dc9092a9e60fba2f28~mv2.jpg/v1/fill/w_1260,h_1016,al_c,q_85,usm_0.66_1.00_0.01,enc_auto/520ee6_7d5fde913c6041dc9092a9e60fba2f28~mv2.jpg');
INSERT INTO ARTIST_FEATURED_WORKS VALUES('PARK Hee Seop','https://static.wixstatic.com/media/520ee6_a236cc9fa35d4bfa80b93f6f7b0933e5~mv2.jpg/v1/fill/w_1260,h_1012,al_c,q_85,usm_0.66_1.00_0.01,enc_auto/520ee6_a236cc9fa35d4bfa80b93f6f7b0933e5~mv2.jpg');
INSERT INTO ARTIST_FEATURED_WORKS VALUES('PARK Hee Seop','https://static.wixstatic.com/media/520ee6_1b2696fc231a4274901ed37536be50f0~mv2.jpg/v1/fill/w_1260,h_1012,al_c,q_85,usm_0.66_1.00_0.01,enc_auto/520ee6_1b2696fc231a4274901ed37536be50f0~mv2.jpg');
INSERT INTO ARTIST_FEATURED_WORKS VALUES('BYUN Jae Hee','https://static.wixstatic.com/media/520ee6_cda1ff0b6e7b49e5aae1068bbbd0d264~mv2.jpg/v1/fill/w_1260,h_1016,al_c,q_85,usm_0.66_1.00_0.01,enc_auto/520ee6_cda1ff0b6e7b49e5aae1068bbbd0d264~mv2.jpg');
INSERT INTO ARTIST_FEATURED_WORKS VALUES('BYUN Jae Hee','https://static.wixstatic.com/media/520ee6_fd6892db1d0f4bba9625c063eb2878dd~mv2.png/v1/fill/w_765,h_617,al_c,enc_auto/520ee6_fd6892db1d0f4bba9625c063eb2878dd~mv2.png');
INSERT INTO ARTIST_FEATURED_WORKS VALUES('BACK Seung Woo','https://static.wixstatic.com/media/520ee6_a844edf0af63415d9d1ea173c49e96ba~mv2.jpg/v1/fill/w_1260,h_1018,al_c,q_85,usm_0.66_1.00_0.01,enc_auto/520ee6_a844edf0af63415d9d1ea173c49e96ba~mv2.jpg');
INSERT INTO ARTIST_FEATURED_WORKS VALUES('BYUN Jae Hee','https://static.wixstatic.com/media/520ee6_f99c726c958247f4b663a121d6c0f958~mv2.jpg/v1/fill/w_1260,h_1016,al_l,q_85,usm_0.66_1.00_0.01,enc_auto/520ee6_f99c726c958247f4b663a121d6c0f958~mv2.jpg');
INSERT INTO ARTIST_FEATURED_WORKS VALUES('BYUN Jae Hee','https://static.wixstatic.com/media/520ee6_712b28307eeb42dc823f0b5e8e4f95a0~mv2.jpg/v1/fill/w_1260,h_1016,al_c,q_85,usm_0.66_1.00_0.01,enc_auto/520ee6_712b28307eeb42dc823f0b5e8e4f95a0~mv2.jpg');
INSERT INTO ARTIST_FEATURED_WORKS VALUES('SUH Yongsun','https://static.wixstatic.com/media/520ee6_2646dc6770964c7aacba48cb35560106~mv2.jpg/v1/fill/w_1000,h_806,al_t,q_85,enc_auto/520ee6_2646dc6770964c7aacba48cb35560106~mv2.jpg');
INSERT INTO ARTIST_FEATURED_WORKS VALUES('SUH Yongsun','https://static.wixstatic.com/media/520ee6_e0db12c5cf094ab1a3bef56eb6ffd4bb~mv2.jpg/v1/fill/w_1000,h_806,al_t,q_85,enc_auto/520ee6_e0db12c5cf094ab1a3bef56eb6ffd4bb~mv2.jpg');
INSERT INTO ARTIST_FEATURED_WORKS VALUES('SUH Yongsun','https://static.wixstatic.com/media/520ee6_dad992cee7164724b50dd604134d4430~mv2.jpg/v1/fill/w_1000,h_806,al_t,q_85,enc_auto/520ee6_dad992cee7164724b50dd604134d4430~mv2.jpg');
INSERT INTO ARTIST_FEATURED_WORKS VALUES('SUH Yongsun','https://static.wixstatic.com/media/520ee6_3fa8e1d65a0d41b7b8fba8dde2052150~mv2.jpg/v1/fill/w_1000,h_806,al_c,q_85,enc_auto/520ee6_3fa8e1d65a0d41b7b8fba8dde2052150~mv2.jpg');
INSERT INTO ARTIST_FEATURED_WORKS VALUES('SOHN Jin Ah','https://static.wixstatic.com/media/520ee6_18a00a14164040b28e505bacda9803e5~mv2.jpg/v1/crop/x_0,y_0,w_500,h_375,q_80,enc_auto/520ee6_18a00a14164040b28e505bacda9803e5~mv2.jpg');
INSERT INTO ARTIST_FEATURED_WORKS VALUES('SOHN Jin Ah','https://static.wixstatic.com/media/520ee6_7f6ae5d3ae454abda8e6982a70ab79fe~mv2.jpg/v1/crop/x_0,y_26,w_500,h_510,q_80,enc_auto/520ee6_7f6ae5d3ae454abda8e6982a70ab79fe~mv2.jpg');
INSERT INTO ARTIST_FEATURED_WORKS VALUES('SOHN Jin Ah','https://static.wixstatic.com/media/520ee6_0e9559f98ced43a68e8a3392328e4ec9~mv2.jpg/v1/crop/x_0,y_0,w_500,h_499,q_80,enc_auto/520ee6_0e9559f98ced43a68e8a3392328e4ec9~mv2.jpg');
INSERT INTO ARTIST_FEATURED_WORKS VALUES('SOHN Jin Ah','https://static.wixstatic.com/media/520ee6_ab4996920b524568b60d4bb0a5f3cde0~mv2.jpg/v1/crop/x_0,y_0,w_500,h_500,q_80,enc_auto/520ee6_ab4996920b524568b60d4bb0a5f3cde0~mv2.jpg');
INSERT INTO ARTIST_FEATURED_WORKS VALUES('SONG Eun Young','https://static.wixstatic.com/media/520ee6_ee2077adde3a43a8962301fd048259d4~mv2.jpg/v1/fill/w_1260,h_1016,al_c,q_85,usm_0.66_1.00_0.01,enc_auto/520ee6_ee2077adde3a43a8962301fd048259d4~mv2.jpg');
INSERT INTO ARTIST_FEATURED_WORKS VALUES('SONG Eun Young','https://static.wixstatic.com/media/520ee6_93903a541d4546e4bc5581100984b637~mv2.jpg/v1/fill/w_1260,h_1016,al_c,q_85,usm_0.66_1.00_0.01,enc_auto/520ee6_93903a541d4546e4bc5581100984b637~mv2.jpg');
INSERT INTO ARTIST_FEATURED_WORKS VALUES('SONG Eun Young','https://static.wixstatic.com/media/520ee6_5384255a6ce04ab18cdb1983edac5260~mv2.jpg/v1/fill/w_1260,h_1016,al_b,q_85,usm_0.66_1.00_0.01,enc_auto/520ee6_5384255a6ce04ab18cdb1983edac5260~mv2.jpg');
INSERT INTO ARTIST_FEATURED_WORKS VALUES('SONG Eun Young','https://static.wixstatic.com/media/520ee6_56704cf4c6694adcb91d99aaf1561398~mv2.jpg/v1/fill/w_1260,h_1016,al_l,q_85,usm_0.66_1.00_0.01,enc_auto/520ee6_56704cf4c6694adcb91d99aaf1561398~mv2.jpg');
INSERT INTO ARTIST_FEATURED_WORKS VALUES('WOO Kuk Won','https://static.wixstatic.com/media/520ee6_fd7f5bc6349b4acdb022d613913d1aa3~mv2.jpg/v1/fill/w_1260,h_1014,al_c,q_85,usm_0.66_1.00_0.01,enc_auto/520ee6_fd7f5bc6349b4acdb022d613913d1aa3~mv2.jpg');
INSERT INTO ARTIST_FEATURED_WORKS VALUES('WOO Kuk Won','https://static.wixstatic.com/media/520ee6_2cf5bb9162b64cf49a3285efc2b4ce0b~mv2.jpg/v1/fill/w_1260,h_1014,al_c,q_85,usm_0.66_1.00_0.01,enc_auto/520ee6_2cf5bb9162b64cf49a3285efc2b4ce0b~mv2.jpg');
INSERT INTO ARTIST_FEATURED_WORKS VALUES('WOO Kuk Won','https://static.wixstatic.com/media/520ee6_2afbdb24309b434482c10072c97d0029~mv2.jpg/v1/fill/w_1260,h_1014,al_c,q_85,usm_0.66_1.00_0.01,enc_auto/520ee6_2afbdb24309b434482c10072c97d0029~mv2.jpg');
INSERT INTO ARTIST_FEATURED_WORKS VALUES('WOO Kuk Won','https://static.wixstatic.com/media/520ee6_4cef47f5a22340d29d7aa4458a74cc01~mv2.jpg/v1/fill/w_1260,h_1014,al_c,q_85,usm_0.66_1.00_0.01,enc_auto/520ee6_4cef47f5a22340d29d7aa4458a74cc01~mv2.jpg');
INSERT INTO ARTIST_FEATURED_WORKS VALUES('WON Beom Sik','https://static.wixstatic.com/media/520ee6_0e8fc748322942aa815dbeb22c31ce36~mv2.png');
INSERT INTO ARTIST_FEATURED_WORKS VALUES('WON Beom Sik','https://static.wixstatic.com/media/520ee6_c35d2e89518e4d1f946e3f155426eb61~mv2.png');
INSERT INTO ARTIST_FEATURED_WORKS VALUES('WON Beom Sik','https://static.wixstatic.com/media/520ee6_8bec23a41d9a44989f743ac4412832d8~mv2.png');
INSERT INTO ARTIST_FEATURED_WORKS VALUES('WON Beom Sik','https://static.wixstatic.com/media/520ee6_81859fd202c447d794d5874c03cf0e39~mv2.png');
INSERT INTO ARTIST_FEATURED_WORKS VALUES('LEE Kyojun','https://static.wixstatic.com/media/520ee6_4c0bc472d2fa417fb3a48e8d25148df1~mv2.jpg/v1/fill/w_1000,h_806,al_c,q_85,enc_auto/520ee6_4c0bc472d2fa417fb3a48e8d25148df1~mv2.jpg');
INSERT INTO ARTIST_FEATURED_WORKS VALUES('LEE Kyojun','https://static.wixstatic.com/media/520ee6_f0c3c9c43b9444359a62694c1a789328~mv2.jpg/v1/fill/w_1000,h_806,al_c,q_85,enc_auto/520ee6_f0c3c9c43b9444359a62694c1a789328~mv2.jpg');
INSERT INTO ARTIST_FEATURED_WORKS VALUES('LEE Kyojun','https://static.wixstatic.com/media/520ee6_ce1d39a2d3fd42949b741ef3bc3faabc~mv2.jpg/v1/fill/w_1000,h_806,al_c,q_85,enc_auto/520ee6_ce1d39a2d3fd42949b741ef3bc3faabc~mv2.jpg');
INSERT INTO ARTIST_FEATURED_WORKS VALUES('LEE Kyojun','https://static.wixstatic.com/media/520ee6_662417f02163487aba85c5e2bdff3ec4~mv2.jpg/v1/fill/w_1000,h_806,al_c,q_85,enc_auto/520ee6_662417f02163487aba85c5e2bdff3ec4~mv2.jpg');
INSERT INTO ARTIST_FEATURED_WORKS VALUES('LEE Gil Rae','https://static.wixstatic.com/media/520ee6_7a87a60fb0894a169ea8e4c55b7abae4~mv2.jpg');
INSERT INTO ARTIST_FEATURED_WORKS VALUES('LEE Gil Rae','https://static.wixstatic.com/media/520ee6_d485229050e04b21a86efe88099de687~mv2.jpg');
INSERT INTO ARTIST_FEATURED_WORKS VALUES('LEE Gil Rae','https://static.wixstatic.com/media/520ee6_3cccccd2ff7a40f2b3e0fe9d45f6f32e~mv2.jpg/v1/crop/x_0,y_0,w_333,h_500,q_80,enc_auto/520ee6_3cccccd2ff7a40f2b3e0fe9d45f6f32e~mv2.jpg');
INSERT INTO ARTIST_FEATURED_WORKS VALUES('LEE Gil Rae','https://static.wixstatic.com/media/520ee6_c4ba1377984d40cd92974439e0b35713~mv2.jpg/v1/fill/w_1260,h_1016,al_c,q_85,usm_0.66_1.00_0.01,enc_auto/520ee6_c4ba1377984d40cd92974439e0b35713~mv2.jpg');
INSERT INTO ARTIST_FEATURED_WORKS VALUES('LEE Sang Yong','https://static.wixstatic.com/media/520ee6_c85ac58712214991808010b1b45f2055~mv2.jpg');
INSERT INTO ARTIST_FEATURED_WORKS VALUES('LEE Sang Yong','https://static.wixstatic.com/media/520ee6_7d46f7082b25431e90258fda3cbbb5cc~mv2.jpg/v1/crop/x_0,y_0,w_500,h_334,q_80,enc_auto/520ee6_7d46f7082b25431e90258fda3cbbb5cc~mv2.jpg');
INSERT INTO ARTIST_FEATURED_WORKS VALUES('LEE Sang Yong','https://static.wixstatic.com/media/520ee6_60e721e16f6340a0bbc6711656f249a6~mv2.jpg/v1/crop/x_0,y_0,w_500,h_370,q_80,enc_auto/520ee6_60e721e16f6340a0bbc6711656f249a6~mv2.jpg');
INSERT INTO ARTIST_FEATURED_WORKS VALUES('LEE Sang Yong','https://static.wixstatic.com/media/520ee6_516bfcdf3c3c45ad8de9b3b21729ff40~mv2.jpg/v1/crop/x_0,y_0,w_500,h_508,q_80,enc_auto/520ee6_516bfcdf3c3c45ad8de9b3b21729ff40~mv2.jpg');
INSERT INTO ARTIST_FEATURED_WORKS VALUES('LEE Ye Leen','https://static.wixstatic.com/media/520ee6_67e4e0b3289d4cc4bc067db986ec9968~mv2.jpg/v1/fill/w_1260,h_1014,al_c,q_85,usm_0.66_1.00_0.01,enc_auto/520ee6_67e4e0b3289d4cc4bc067db986ec9968~mv2.jpg');
INSERT INTO ARTIST_FEATURED_WORKS VALUES('LEE Ye Leen','https://static.wixstatic.com/media/520ee6_41098baccd014c299dae74bce514565d~mv2.png/v1/fill/w_559,h_450,al_c,lg_1,enc_auto/520ee6_41098baccd014c299dae74bce514565d~mv2.png');
INSERT INTO ARTIST_FEATURED_WORKS VALUES('LEE Ye Leen','https://static.wixstatic.com/media/520ee6_1463c3ae6b8a4e769c45f79b7eb147d6~mv2.jpg/v1/fill/w_600,h_483,al_c,lg_1,q_80,enc_auto/520ee6_1463c3ae6b8a4e769c45f79b7eb147d6~mv2.jpg');
INSERT INTO ARTIST_FEATURED_WORKS VALUES('LEE Ye Leen','https://static.wixstatic.com/media/520ee6_f3640f466c12423ca52173608ba648f5~mv2.jpg/v1/crop/x_0,y_0,w_406,h_500,q_80,enc_auto/520ee6_f3640f466c12423ca52173608ba648f5~mv2.jpg');
INSERT INTO ARTIST_FEATURED_WORKS VALUES('LEE Jeong Lok','https://static.wixstatic.com/media/520ee6_6a2fed3c6dfb4ba191754fb326259615~mv2.jpg/v1/fill/w_1260,h_1016,al_c,q_85,usm_0.66_1.00_0.01,enc_auto/520ee6_6a2fed3c6dfb4ba191754fb326259615~mv2.jpg');
INSERT INTO ARTIST_FEATURED_WORKS VALUES('LEE Jeong Lok','https://static.wixstatic.com/media/520ee6_2c8587a9b5bb45ada3a31b7c64ba1f0f~mv2.jpg/v1/fill/w_1260,h_1016,al_c,q_85,usm_0.66_1.00_0.01,enc_auto/520ee6_2c8587a9b5bb45ada3a31b7c64ba1f0f~mv2.jpg');
INSERT INTO ARTIST_FEATURED_WORKS VALUES('LEE Jeong Lok','https://static.wixstatic.com/media/520ee6_515b3c89fd4d4401b140c9de3c905fd2~mv2.jpg/v1/fill/w_1260,h_1016,al_c,q_85,usm_0.66_1.00_0.01,enc_auto/520ee6_515b3c89fd4d4401b140c9de3c905fd2~mv2.jpg');
INSERT INTO ARTIST_FEATURED_WORKS VALUES('LEE Jeong Lok','https://static.wixstatic.com/media/520ee6_043d0abdfea04b7dbb828992b38d37a3~mv2.jpg/v1/fill/w_1260,h_1016,al_c,q_85,usm_0.66_1.00_0.01,enc_auto/520ee6_043d0abdfea04b7dbb828992b38d37a3~mv2.jpg');








CREATE TABLE artist_exhibitions (
	eng_name varchar2(20),
	exhibitions_title varchar2(20)
);
 
ALTER TABLE artist_exhibitions MODIFY (exhibitions_title varchar2(100));

INSERT INTO ARTIST_EXHIBITIONS VALUES ('KANG Hyung Koo','Eye to Eye');
INSERT INTO ARTIST_EXHIBITIONS VALUES('KANG Hyung Koo','Look Into');
INSERT INTO ARTIST_EXHIBITIONS VALUES('KWON Yong Rae','Utopia: now here');
INSERT INTO ARTIST_EXHIBITIONS VALUES('KIM Jongmin Joy','Painting and Thereafter');
INSERT INTO ARTIST_EXHIBITIONS VALUES('KIM Sea Joong','Preciosite');
INSERT INTO ARTIST_EXHIBITIONS VALUES('KIM Tschoonsu','The Hidden Masterpiece');
INSERT INTO ARTIST_EXHIBITIONS VALUES('KWON Yong Rae','Garden of Light');
INSERT INTO ARTIST_EXHIBITIONS VALUES('KIM Do Kyun','sf.lu.p.t');
INSERT INTO ARTIST_EXHIBITIONS VALUES('KIM Dong Wook','New of Flowers from Beijing');
INSERT INTO ARTIST_EXHIBITIONS VALUES('KIM Dae Soo','DECONSTRUCTIVISM');
INSERT INTO ARTIST_EXHIBITIONS VALUES ('KIM Dae Soo','Sky Wind Stars and Me');
INSERT INTO ARTIST_EXHIBITIONS VALUES('KIM Dongyoo','The Hidden Masterpiece');
INSERT INTO ARTIST_EXHIBITIONS VALUES('PARK Jong Kyu','Utopia: now here');
INSERT INTO ARTIST_EXHIBITIONS VALUES('PARK Hee Seop','New of Flowers from Beijing');
INSERT INTO ARTIST_EXHIBITIONS VALUES('PARK Yoon Kyung','Painting and Thereafter');
INSERT INTO ARTIST_EXHIBITIONS VALUES('PARK Ji Hyun','Burning Eros, and Sculpture''s Cross-over Mediality');
INSERT INTO ARTIST_EXHIBITIONS VALUES('BACK Seung Woo','DECONSTRUCTIVISM');
INSERT INTO ARTIST_EXHIBITIONS VALUES('BYUN Jae Hee','Summer Permanent Exhibiton');
INSERT INTO ARTIST_EXHIBITIONS VALUES('BYUN Jae Hee','Color Phantasmagoria');
INSERT INTO ARTIST_EXHIBITIONS VALUES('SOHN Jin Ah','Inscape Scape');
INSERT INTO ARTIST_EXHIBITIONS VALUES('KIM Jung Hyang','Spiritoso');
INSERT INTO ARTIST_EXHIBITIONS VALUES('SUH Yongsun','The Hidden Masterpiece');
INSERT INTO ARTIST_EXHIBITIONS VALUES('SONG Eun Young','In Certain Place');
INSERT INTO ARTIST_EXHIBITIONS VALUES('WOO Kuk Won','Redeemed');
INSERT INTO ARTIST_EXHIBITIONS VALUES('WOO Kuk Won','It''s The Hard Knock Life';
INSERT INTO ARTIST_EXHIBITIONS VALUES('WOO Kuk Won','Third Time Lucky');
INSERT INTO ARTIST_EXHIBITIONS VALUES('WON Beom Sik','DECONSTRUCTIVISM');
INSERT INTO ARTIST_EXHIBITIONS VALUES('LEE Kyojun','The Hidden Masterpiece');
INSERT INTO ARTIST_EXHIBITIONS VALUES('LEE Gil Rae','Re, Vitality');
INSERT INTO ARTIST_EXHIBITIONS VALUES('LEE Gil Rae','나무, 인간을 닮다');
INSERT INTO ARTIST_EXHIBITIONS VALUES('LEE Sang Yong','Song of Fate');
INSERT INTO ARTIST_EXHIBITIONS VALUES('LEE Ye Leen','Latent Image');
INSERT INTO ARTIST_EXHIBITIONS VALUES('LEE Jeong Lok','NABI');
INSERT INTO ARTIST_EXHIBITIONS VALUES('LEE Jung Lok','Nabi');








CREATE TABLE artist_exhibitions_info (
	title varchar2(20),			
	term varchar2(30),		
	works varchar2(2000),		
	eng_name varchar2(20)
);

ALTER TABLE artist_exhibitions_info MODIFY (title varchar2(100));


INSERT INTO ARTIST_EXHIBITIONS_INFO VALUES('Preciosite','2014.04.09 - 2014.05.02','https://static.wixstatic.com/media/520ee6_012bef70acc441379a4c5da0a48243f8~mv2.jpg','KIM Sea Joong');
INSERT INTO ARTIST_EXHIBITIONS_INFO VALUES('Preciosite','2014.04.09 - 2014.05.02','https://static.wixstatic.com/media/520ee6_f7af70d998504359afd2106f77f47689~mv2.jpg','KIM Sea Joong');
INSERT INTO ARTIST_EXHIBITIONS_INFO VALUES('Preciosite','2014.04.09 - 2014.05.02','https://static.wixstatic.com/media/520ee6_b81fd64eaf2648989c5357f66f3c1ae5~mv2.jpg','KIM Sea Joong');
INSERT INTO ARTIST_EXHIBITIONS_INFO VALUES('Preciosite','2014.04.09 - 2014.05.02','https://static.wixstatic.com/media/520ee6_453c293e9f5f456197cb17453ca3ec8b~mv2.jpg','KIM Sea Joong');
INSERT INTO ARTIST_EXHIBITIONS_INFO VALUES('Preciosite','2014.04.09 - 2014.05.02','https://static.wixstatic.com/media/520ee6_a47450f95e124094b73cad2da6e081ae~mv2.jpg','KIM Sea Joong');
INSERT INTO ARTIST_EXHIBITIONS_INFO VALUES('Preciosite','2014.04.09 - 2014.05.02','https://static.wixstatic.com/media/520ee6_3ee53a1fb6134b5a9ef4a822491fa2fe~mv2.jpg','KIM Sea Joong');
INSERT INTO ARTIST_EXHIBITIONS_INFO VALUES('Summer Permanent Exhibiton','2011.07.01 - 2011. 08. 31','https://static.wixstatic.com/media/520ee6_8bf3524a38214b2c955e69cdf8a52e92~mv2.jpg','KIM Jung Hyang');
INSERT INTO ARTIST_EXHIBITIONS_INFO VALUES('Spiritoso','2011.09.20 - 2011.10.30','https://static.wixstatic.com/media/520ee6_7ba22e71ecf9462fb796b420dc795644~mv2.jpg','KIM Jung Hyang');
INSERT INTO ARTIST_EXHIBITIONS_INFO VALUES('Spiritoso','2011.09.20 - 2011.10.30','https://static.wixstatic.com/media/520ee6_dfb4bc7ceec14b7c9063c8a839804571~mv2.jpg','KIM Jung Hyang');
INSERT INTO ARTIST_EXHIBITIONS_INFO VALUES('Spiritoso','2011.09.20 - 2011.10.30','https://static.wixstatic.com/media/520ee6_d440c5764f19475493ec9d197920c481~mv2.jpg','KIM Jung Hyang');
INSERT INTO ARTIST_EXHIBITIONS_INFO VALUES('Painting and Thereafter','2021.02.18 - 03.25','https://static.wixstatic.com/media/520ee6_70e635eb98ff45c0b20a186ead39c911~mv2.jpg','KIM Jongmin Joy');
INSERT INTO ARTIST_EXHIBITIONS_INFO VALUES('Painting and Thereafter','2021.02.18 - 03.25','https://static.wixstatic.com/media/520ee6_d054730f97b04858b5cd1c07db859527~mv2.jpg','KIM Jongmin Joy');
INSERT INTO ARTIST_EXHIBITIONS_INFO VALUES('Painting and Thereafter','2021.02.18 - 03.25','https://static.wixstatic.com/media/520ee6_13b69c216d4d451cac87931a10edd0af~mv2.jpg','KIM Jongmin Joy');
INSERT INTO ARTIST_EXHIBITIONS_INFO VALUES('Painting and Thereafter','2021.02.18 - 03.25','https://static.wixstatic.com/media/520ee6_a58988c9db874d7cbebee72471489541~mv2.jpg','KIM Jongmin Joy');
INSERT INTO ARTIST_EXHIBITIONS_INFO VALUES('Painting and Thereafter','2021.02.18 - 03.25','https://static.wixstatic.com/media/520ee6_034fd3072cf2473b9b8a5dece5fac0eb~mv2.jpg','KIM Jongmin Joy');
INSERT INTO ARTIST_EXHIBITIONS_INFO VALUES('Inscape Scape','2017. 03. 09 ~ 2017. 04. 01','https://static.wixstatic.com/media/520ee6_d6f353e55364487bade00ad8cf80e610~mv2.jpg','SOHN Jin Ah');
INSERT INTO ARTIST_EXHIBITIONS_INFO VALUES('Inscape Scape','2017. 03. 09 ~ 2017. 04. 01','https://static.wixstatic.com/media/520ee6_c74cb9b620e64f84a6f1cde2e02c482b~mv2.jpg','SOHN Jin Ah');
INSERT INTO ARTIST_EXHIBITIONS_INFO VALUES('Inscape Scape','2017. 03. 09 ~ 2017. 04. 01','https://static.wixstatic.com/media/520ee6_1f41257628bc4860b6e885ff0b04409c~mv2.jpg','SOHN Jin Ah');
INSERT INTO ARTIST_EXHIBITIONS_INFO VALUES('Inscape Scape','2017. 03. 09 ~ 2017. 04. 01','https://static.wixstatic.com/media/520ee6_4f15b8740819446bb527a069e6f502cb~mv2.jpg','SOHN Jin Ah');
INSERT INTO ARTIST_EXHIBITIONS_INFO VALUES('Inscape Scape','2017. 03. 09 ~ 2017. 04. 01','https://static.wixstatic.com/media/520ee6_6e1b93b3d1904f4088a43e0a72818da0~mv2.jpg','SOHN Jin Ah');
INSERT INTO ARTIST_EXHIBITIONS_INFO VALUES('Inscape Scape','2017. 03. 09 ~ 2017. 04. 01','https://static.wixstatic.com/media/520ee6_6469d5c5b5124c4d8a73c0136599e729~mv2.jpg','SOHN Jin Ah');
INSERT INTO ARTIST_EXHIBITIONS_INFO VALUES('In Certain Place','2017.11.23 - 2018.02.13','https://static.wixstatic.com/media/520ee6_c4392c6ba8e44fa780707e9b80116d7e~mv2_d_2712_1808_s_2.jpg','SONG Eun Young');
INSERT INTO ARTIST_EXHIBITIONS_INFO VALUES('In Certain Place','2017.11.23 - 2018.02.13','https://static.wixstatic.com/media/520ee6_6023d6d57e4647e8abc4aecaa9f32c12~mv2_d_2784_1856_s_2.jpg','SONG Eun Young');
INSERT INTO ARTIST_EXHIBITIONS_INFO VALUES('In Certain Place','2017.11.23 - 2018.02.13','https://static.wixstatic.com/media/520ee6_dc0f199d8a184c94881886847cb8d76e~mv2_d_2784_1856_s_2.jpg','SONG Eun Young');
INSERT INTO ARTIST_EXHIBITIONS_INFO VALUES('In Certain Place','2017.11.23 - 2018.02.13','https://static.wixstatic.com/media/520ee6_f9e510bcf6304d878800817ca3015ae8~mv2_d_2784_1856_s_2.jpg','SONG Eun Young');
INSERT INTO ARTIST_EXHIBITIONS_INFO VALUES('In Certain Place','2017.11.23 - 2018.02.13','https://static.wixstatic.com/media/520ee6_004d830233ce49489f08f6556553faa9~mv2_d_2784_1856_s_2.jpg','SONG Eun Young');
INSERT INTO ARTIST_EXHIBITIONS_INFO VALUES('In Certain Place','2017.11.23 - 2018.02.13','https://static.wixstatic.com/media/520ee6_e2557f5e128b406ba478646400a0e3e4~mv2_d_2500_1666_s_2.jpg','SONG Eun Young');
INSERT INTO ARTIST_EXHIBITIONS_INFO VALUES('It''s The Hard Knock Life','2021.06.10 - 2021.07.29','https://static.wixstatic.com/media/520ee6_0a0cbf33e8464855966730e813e7e0ae~mv2.jpg','WOO Kuk Won');
INSERT INTO ARTIST_EXHIBITIONS_INFO VALUES('It''s The Hard Knock Life','2021.06.10 - 2021.07.29','https://static.wixstatic.com/media/520ee6_99ec9b1df7504ed5b8c214c5a26aec31~mv2.jpg','WOO Kuk Won');
INSERT INTO ARTIST_EXHIBITIONS_INFO VALUES('Third Time Lucky','2019.09.20 - 2019.11.22','https://static.wixstatic.com/media/520ee6_5b2b274b9d2b41d086d49cb44994f577~mv2_d_4997_3084_s_4_2.jpg','WOO Kuk Won');
INSERT INTO ARTIST_EXHIBITIONS_INFO VALUES('Third Time Lucky','2019.09.20 - 2019.11.22','https://static.wixstatic.com/media/520ee6_689bd48b97ec428e8ca9684a559dfb83~mv2_d_5328_2978_s_4_2.jpg','WOO Kuk Won');
INSERT INTO ARTIST_EXHIBITIONS_INFO VALUES('Third Time Lucky','2019.09.20 - 2019.11.22','https://static.wixstatic.com/media/520ee6_d910f97614314970b04f2b1c7bfb7a07~mv2_d_5616_3300_s_4_2.jpg','WOO Kuk Won');
INSERT INTO ARTIST_EXHIBITIONS_INFO VALUES('Third Time Lucky','2019.09.20 - 2019.11.22','https://static.wixstatic.com/media/520ee6_da13d637f06f4828970e96b203910f9f~mv2_d_5616_3516_s_4_2.jpg','WOO Kuk Won');
INSERT INTO ARTIST_EXHIBITIONS_INFO VALUES('Redeemed','2017.06.29 - 2017.07.29','https://static.wixstatic.com/media/520ee6_9f858f8f1fd946348c05c376eb925b58~mv2.jpg','WOO Kuk Won');
INSERT INTO ARTIST_EXHIBITIONS_INFO VALUES('Redeemed','2017.06.29 - 2017.07.29','https://static.wixstatic.com/media/520ee6_52c1f87739704bd18d9f198b3c61b585~mv2.jpg','WOO Kuk Won');
INSERT INTO ARTIST_EXHIBITIONS_INFO VALUES('Redeemed','2017.06.29 - 2017.07.29','https://static.wixstatic.com/media/520ee6_2231c9585aab4c75901e3baa95cf414c~mv2.jpg','WOO Kuk Won');
INSERT INTO ARTIST_EXHIBITIONS_INFO VALUES('Redeemed','2017.06.29 - 2017.07.29','https://static.wixstatic.com/media/520ee6_f4b2dd4861b44ad784a0de72ba045592~mv2.jpg','WOO Kuk Won');
INSERT INTO ARTIST_EXHIBITIONS_INFO VALUES('Redeemed','2017.06.29 - 2017.07.29','https://static.wixstatic.com/media/520ee6_0a14557a09104783a88cb765412fe3be~mv2.jpg','WOO Kuk Won');
INSERT INTO ARTIST_EXHIBITIONS_INFO VALUES('DECONSTRUCTIVISM','2019.08.02 - 2019.08.30','https://static.wixstatic.com/media/520ee6_8f9d133906de42e5883ed3bea1057b43~mv2_d_5616_3744_s_4_2.jpg','WON Beom Sik');
INSERT INTO ARTIST_EXHIBITIONS_INFO VALUES('DECONSTRUCTIVISM','2019.08.02 - 2019.08.30','https://static.wixstatic.com/media/520ee6_418c7fb9792e428aa2bfa6c499b3bf91~mv2_d_5616_3744_s_4_2.jpg','WON Beom Sik');
INSERT INTO ARTIST_EXHIBITIONS_INFO VALUES('It''s The Hard Knock Life','2021.06.10 - 2021.07.29','https://static.wixstatic.com/media/520ee6_eb65fa7753394604b2ebcd57ebfb2a2b~mv2.jpg','WOO Kuk Won');
INSERT INTO ARTIST_EXHIBITIONS_INFO VALUES('It''s The Hard Knock Life','2021.06.10 - 2021.07.29','https://static.wixstatic.com/media/520ee6_b03ac7d9a58c4787b1e80f48bf829a83~mv2.jpg','WOO Kuk Won');
INSERT INTO ARTIST_EXHIBITIONS_INFO VALUES('DECONSTRUCTIVISM','2019.08.02 - 2019.08.30','https://static.wixstatic.com/media/520ee6_e9165b3f8a3d4578babab8f78928b3f5~mv2_d_5525_3684_s_4_2.jpg','WON Beom Sik');
INSERT INTO ARTIST_EXHIBITIONS_INFO VALUES('DECONSTRUCTIVISM','2019.08.02 - 2019.08.30','https://static.wixstatic.com/media/520ee6_f510a32d84894ea7a70a65d6f9838616~mv2_d_5616_3744_s_4_2.jpg','WON Beom Sik');
INSERT INTO ARTIST_EXHIBITIONS_INFO VALUES('DECONSTRUCTIVISM','2019.08.02 - 2019.08.30','https://static.wixstatic.com/media/520ee6_639569ec67c24667a1f26ebe184cae8d~mv2_d_5616_3744_s_4_2.jpg','WON Beom Sik');
INSERT INTO ARTIST_EXHIBITIONS_INFO VALUES('DECONSTRUCTIVISM','2019.08.02 - 2019.08.30','https://static.wixstatic.com/media/520ee6_28c212dfd1ec40dba12101d30dc628d9~mv2_d_5616_3744_s_4_2.jpg','WON Beom Sik');
INSERT INTO ARTIST_EXHIBITIONS_INFO VALUES('DECONSTRUCTIVISM','2019.08.02 - 2019.08.30','https://static.wixstatic.com/media/520ee6_c9eee446fbc141778e8100a93d341102~mv2_d_5616_3744_s_4_2.jpg','WON Beom Sik');
INSERT INTO ARTIST_EXHIBITIONS_INFO VALUES('The Hidden Masterpiece','2022.01.20-2022.02.24','https://static.wixstatic.com/media/520ee6_350cf1f28e1b4453b6def6fa7ec38e14~mv2.jpg','LEE Kyojun');
INSERT INTO ARTIST_EXHIBITIONS_INFO VALUES('The Hidden Masterpiece','2022.01.20-2022.02.24','https://static.wixstatic.com/media/520ee6_787ffb04723846dd832fac912ee06014~mv2.jpg','LEE Kyojun');
INSERT INTO ARTIST_EXHIBITIONS_INFO VALUES('The Hidden Masterpiece','2022.01.20-02.24','https://static.wixstatic.com/media/520ee6_6d6e2eb219a84f26980ebc9d4f1aa94d~mv2.jpg','KIM Dongyoo');
INSERT INTO ARTIST_EXHIBITIONS_INFO VALUES('The Hidden Masterpiece','2022.01.20-02.24','https://static.wixstatic.com/media/520ee6_e5222c5810074ad6988318f6e57b6c89~mv2.jpg','KIM Tschoonsu');
INSERT INTO ARTIST_EXHIBITIONS_INFO VALUES('The Hidden Masterpiece','2022.01.20-02.24','https://static.wixstatic.com/media/520ee6_b842a53476954c9ca9f734a6a691c160~mv2.jpg','KIM Dongyoo');
INSERT INTO ARTIST_EXHIBITIONS_INFO VALUES('Re, Vitality','2022.03.10-2022.04.07','https://static.wixstatic.com/media/520ee6_6b592f2f211948e9baf5958a0eb4a99b~mv2.jpg','LEE Gil Rae');
INSERT INTO ARTIST_EXHIBITIONS_INFO VALUES('Re, Vitality','2022.03.10-2022.04.07','https://static.wixstatic.com/media/520ee6_760bf47054264621973fb8a24dd2cc10~mv2.jpg','LEE Gil Rae');
INSERT INTO ARTIST_EXHIBITIONS_INFO VALUES('Re, Vitality','2022.03.10-2022.04.07','https://static.wixstatic.com/media/520ee6_d8e8a9dd2ed14e22a85a0a072a176cfa~mv2.jpg','LEE Gil Rae');
INSERT INTO ARTIST_EXHIBITIONS_INFO VALUES('Re, Vitality','2022.03.10-2022.04.07','https://static.wixstatic.com/media/520ee6_f4a7e227b7684f37b9cba609fd4b6813~mv2.jpg','LEE Gil Rae');
INSERT INTO ARTIST_EXHIBITIONS_INFO VALUES('Re, Vitality','2022.03.10-2022.04.07','https://static.wixstatic.com/media/520ee6_619312d6a1e44a2db49150fe0c5d2bf1~mv2.jpg','LEE Gil Rae');
INSERT INTO ARTIST_EXHIBITIONS_INFO VALUES('나무, 인간을 닮다','2012.08.25-2013.09.28','https://static.wixstatic.com/media/520ee6_d5ac0288f4c942dca9ba2706fedd78fe~mv2.jpg','LEE Gil Rae');
INSERT INTO ARTIST_EXHIBITIONS_INFO VALUES('나무, 인간을 닮다','2012.08.25-2013.09.28','https://static.wixstatic.com/media/520ee6_a8a9d0cc4a4347ee84334bb4bbbef48e~mv2.jpg','LEE Gil Rae');
INSERT INTO ARTIST_EXHIBITIONS_INFO VALUES('나무, 인간을 닮다','2012.08.25-2013.09.28','https://static.wixstatic.com/media/520ee6_c2e35fbb8a0643cdbafca90bde11890d~mv2.jpg/v1/fill/w_500,h_288,q_90/520ee6_c2e35fbb8a0643cdbafca90bde11890d~mv2.jpg','LEE Gil Rae');
INSERT INTO ARTIST_EXHIBITIONS_INFO VALUES('나무, 인간을 닮다','2012.08.25-2013.09.28','https://static.wixstatic.com/media/520ee6_03f540a68a8944f3b5f0e71f6cfc752e~mv2.jpg','LEE Gil Rae');
INSERT INTO ARTIST_EXHIBITIONS_INFO VALUES('나무, 인간을 닮다','2012.08.25-2013.09.28','https://static.wixstatic.com/media/520ee6_7b294a1ec0ad4df3b302bd82a23a8dd8~mv2.jpg','LEE Gil Rae');
INSERT INTO ARTIST_EXHIBITIONS_INFO VALUES('Song of Fate','2017.04.06-2017.04.29','https://static.wixstatic.com/media/520ee6_5923d5d3a21a4fe686cfbdf59e29d578~mv2.jpg','LEE Sang Yong');
INSERT INTO ARTIST_EXHIBITIONS_INFO VALUES('Song of Fate','2017.04.06-2017.04.29','https://static.wixstatic.com/media/520ee6_2f4fbcd4757e487fa4c86d317dd0a79f~mv2.jpg','LEE Sang Yong');
INSERT INTO ARTIST_EXHIBITIONS_INFO VALUES('Song of Fate','2017.04.06-2017.04.29','https://static.wixstatic.com/media/520ee6_7ee3a245c84c4254aa22d2bab4e67f1f~mv2.jpg','LEE Sang Yong');
INSERT INTO ARTIST_EXHIBITIONS_INFO VALUES('Song of Fate','2017.04.06-2017.04.29','https://static.wixstatic.com/media/520ee6_cf314e99e38a433480eca21347b6c7c3~mv2.jpg','LEE Sang Yong');
INSERT INTO ARTIST_EXHIBITIONS_INFO VALUES('Song of Fate','2017.04.06-2017.04.29','https://static.wixstatic.com/media/520ee6_abb470dbaa91499bab21447b9d458024~mv2.jpg','LEE Sang Yong');
INSERT INTO ARTIST_EXHIBITIONS_INFO VALUES('Song of Fate','2017.04.06-2017.04.29','https://static.wixstatic.com/media/520ee6_496dbcd583f6413298f3eaa66c1f620b~mv2.jpg','LEE Sang Yong');
INSERT INTO ARTIST_EXHIBITIONS_INFO VALUES('Song of Fate','2017.04.06-2017.04.29','https://static.wixstatic.com/media/520ee6_486f24098b3e45169156040cba46c3d8~mv2.jpg','LEE Sang Yong');
INSERT INTO ARTIST_EXHIBITIONS_INFO VALUES('Song of Fate','2017.04.06-2017.04.29','https://static.wixstatic.com/media/520ee6_be15da6ec66b4aa98557e85b4c59c0ca~mv2.jpg','LEE Sang Yong');
INSERT INTO ARTIST_EXHIBITIONS_INFO VALUES('Latent Image','2011.11.15 - 2011.12.25','https://static.wixstatic.com/media/520ee6_3cf30f2cbca34fe0b5d745ef774c56e5~mv2.jpg/v1/fill/w_500,h_288,q_90/520ee6_3cf30f2cbca34fe0b5d745ef774c56e5~mv2.jpg','LEE Ye Leen');
INSERT INTO ARTIST_EXHIBITIONS_INFO VALUES('Latent Image','2011.11.15 - 2011.12.25','https://static.wixstatic.com/media/520ee6_7430e598ccf645e5b7b2b3afe3a5bb02~mv2.jpg/v1/fill/w_500,h_288,q_90/520ee6_7430e598ccf645e5b7b2b3afe3a5bb02~mv2.jpg','LEE Ye Leen');
INSERT INTO ARTIST_EXHIBITIONS_INFO VALUES('Latent Image','2011.11.15 - 2011.12.25','https://static.wixstatic.com/media/520ee6_9a2ce2460f824d039ea42cac69ff7bdf~mv2.jpg/v1/fill/w_500,h_288,q_90/520ee6_9a2ce2460f824d039ea42cac69ff7bdf~mv2.jpg','LEE Ye Leen');
INSERT INTO ARTIST_EXHIBITIONS_INFO VALUES('Latent Image','2011.11.15 - 2011.12.25','https://static.wixstatic.com/media/520ee6_a57a0d23589b4a04922a93c9dfc1e2f7~mv2.jpg/v1/fill/w_500,h_288,q_90/520ee6_a57a0d23589b4a04922a93c9dfc1e2f7~mv2.jpg','LEE Ye Leen');
INSERT INTO ARTIST_EXHIBITIONS_INFO VALUES('NABI','2017.05.18-2017.06.17','https://static.wixstatic.com/media/520ee6_1a54ef352a1046da98d56a95f83f5b86~mv2.jpg/v1/fill/w_652,h_308,q_90/520ee6_1a54ef352a1046da98d56a95f83f5b86~mv2.jpg','LEE Jeong Lok');
INSERT INTO ARTIST_EXHIBITIONS_INFO VALUES('NABI','2017.05.18-2017.06.17','https://static.wixstatic.com/media/520ee6_cb5e331b63b84dfc92cf44984ac9a9c6~mv2.jpg/v1/fill/w_652,h_308,q_90/520ee6_cb5e331b63b84dfc92cf44984ac9a9c6~mv2.jpg','LEE Jeong Lok');
INSERT INTO ARTIST_EXHIBITIONS_INFO VALUES('NABI','2017.05.18-2017.06.17','https://static.wixstatic.com/media/520ee6_6a0b26017e53480b849e6185b2bc7f1f~mv2.jpg/v1/fill/w_652,h_308,q_90/520ee6_6a0b26017e53480b849e6185b2bc7f1f~mv2.jpg','LEE Jeong Lok');
INSERT INTO ARTIST_EXHIBITIONS_INFO VALUES('NABI','2017.05.18-2017.06.17','https://static.wixstatic.com/media/520ee6_37f71c804b504c96a4ca72e086422947~mv2.jpg/v1/fill/w_652,h_308,q_90/520ee6_37f71c804b504c96a4ca72e086422947~mv2.jpg','LEE Jeong Lok');
INSERT INTO ARTIST_EXHIBITIONS_INFO VALUES('Utopia: now here','2021.08.19 - 2021.09.16','https://static.wixstatic.com/media/520ee6_efa089d541be4066b8d8825bbd843a04~mv2.jpg','KWON Yong Rae');
INSERT INTO ARTIST_EXHIBITIONS_INFO VALUES('Utopia: now here','2021.08.19 - 2021.09.16','https://static.wixstatic.com/media/520ee6_827c5188e05e4ce3a3163f9560d9deb0~mv2.jpg','KWON Yong Rae');
INSERT INTO ARTIST_EXHIBITIONS_INFO VALUES('Garden of Light','2021.11.18 - 2021.12.29','https://static.wixstatic.com/media/520ee6_078470bc5a8a49bcb40aac7882d8df0e~mv2.jpg','KWON Yong Rae');
INSERT INTO ARTIST_EXHIBITIONS_INFO VALUES('Garden of Light','2021.11.18 - 2021.12.29','https://static.wixstatic.com/media/520ee6_6eb296fc415e47049b457b306ef9c298~mv2.jpg','KWON Yong Rae');
INSERT INTO ARTIST_EXHIBITIONS_INFO VALUES('Utopia: now here','2021.08.19 - 2021.09.16','https://static.wixstatic.com/media/520ee6_fb09b9d12fd64a93ba43529a4ac9b4fb~mv2.png','KWON Yong Rae');
INSERT INTO ARTIST_EXHIBITIONS_INFO VALUES('Utopia: now here','2021.08.19 - 2021.09.16','https://static.wixstatic.com/media/520ee6_f1fce60ae4824a75bfd4a054a09a98a4~mv2.png','KWON Yong Rae');
INSERT INTO ARTIST_EXHIBITIONS_INFO VALUES('Garden of Light','2021.11.18 - 2021.12.29','https://static.wixstatic.com/media/520ee6_2d6ca227ad424f59afa5115269c55d11~mv2.jpg','KWON Yong Rae');
INSERT INTO ARTIST_EXHIBITIONS_INFO VALUES('Garden of Light','2021.11.18 - 2021.12.29','https://static.wixstatic.com/media/520ee6_4fd7437354aa4a2ba566acde17f7eb58~mv2.jpg','KWON Yong Rae');
INSERT INTO ARTIST_EXHIBITIONS_INFO VALUES('Garden of Light','2021.11.18 - 2021.12.29','https://static.wixstatic.com/media/520ee6_8657b2f97dea4fd6be4451b5fc661a12~mv2.jpg','KWON Yong Rae');
INSERT INTO ARTIST_EXHIBITIONS_INFO VALUES('Garden of Light','2021.11.18 - 2021.12.29','https://static.wixstatic.com/media/520ee6_a68d8009a78e469a8a24a9aba2b6c465~mv2.jpg','KWON Yong Rae');
INSERT INTO ARTIST_EXHIBITIONS_INFO VALUES('Garden of Light','2021.11.18 - 2021.12.29','https://static.wixstatic.com/media/520ee6_3b88dfb9c00d46428601b0a60b9c5a3f~mv2.jpg','KWON Yong Rae');
INSERT INTO ARTIST_EXHIBITIONS_INFO VALUES('Garden of Light','2021.11.18 - 2021.12.29','https://static.wixstatic.com/media/520ee6_7b8817a1f9f942eeb9c4bfd0a463ab23~mv2.jpg','KWON Yong Rae');
INSERT INTO ARTIST_EXHIBITIONS_INFO VALUES('Garden of Light','2021.11.18 - 2021.12.29','https://static.wixstatic.com/media/520ee6_4d15eaa35fb74501a24d52b594cda133~mv2.jpg','KWON Yong Rae');
INSERT INTO ARTIST_EXHIBITIONS_INFO VALUES('DECONSTRUCTIVISM','2019.08.02 - 2019.08.30','https://static.wixstatic.com/media/520ee6_f510a32d84894ea7a70a65d6f9838616~mv2_d_5616_3744_s_4_2.jpg','KWON Yong Rae');
INSERT INTO ARTIST_EXHIBITIONS_INFO VALUES('DECONSTRUCTIVISM','2019.08.02 - 2019.08.30','https://static.wixstatic.com/media/520ee6_639569ec67c24667a1f26ebe184cae8d~mv2_d_5616_3744_s_4_2.jpg','KWON Yong Rae');
INSERT INTO ARTIST_EXHIBITIONS_INFO VALUES('DECONSTRUCTIVISM','2019.08.02 - 2019.08.30','https://static.wixstatic.com/media/520ee6_28c212dfd1ec40dba12101d30dc628d9~mv2_d_5616_3744_s_4_2.jpg','KWON Yong Rae');
INSERT INTO ARTIST_EXHIBITIONS_INFO VALUES('DECONSTRUCTIVISM','2019.08.02 - 2019.08.30','https://static.wixstatic.com/media/520ee6_e9165b3f8a3d4578babab8f78928b3f5~mv2_d_5525_3684_s_4_2.jpg','KWON Yong Rae');
INSERT INTO ARTIST_EXHIBITIONS_INFO VALUES('DECONSTRUCTIVISM','2019.08.02 - 2019.08.30','https://static.wixstatic.com/media/520ee6_418c7fb9792e428aa2bfa6c499b3bf91~mv2_d_5616_3744_s_4_2.jpg','KWON Yong Rae');
INSERT INTO ARTIST_EXHIBITIONS_INFO VALUES('DECONSTRUCTIVISM','2019.08.02 - 2019.08.30','https://static.wixstatic.com/media/520ee6_8f9d133906de42e5883ed3bea1057b43~mv2_d_5616_3744_s_4_2.jpg','KWON Yong Rae');
INSERT INTO ARTIST_EXHIBITIONS_INFO VALUES('DECONSTRUCTIVISM','2019.08.02 - 2019.08.30','https://static.wixstatic.com/media/520ee6_c9eee446fbc141778e8100a93d341102~mv2_d_5616_3744_s_4_2.jpg','KWON Yong Rae');
INSERT INTO ARTIST_EXHIBITIONS_INFO VALUES('Sky Wind Stars and Me','2017.03.09 - 2017.04.01','https://static.wixstatic.com/media/520ee6_b6d439eea7fd46548540cd180cd99150~mv2_d_2000_1333_s_2.jpg','KWON Yong Rae');
INSERT INTO ARTIST_EXHIBITIONS_INFO VALUES('Sky Wind Stars and Me','2017.03.09 - 2017.04.01','https://static.wixstatic.com/media/520ee6_c50babbdf8ec42cf91d9e27230a972b4~mv2_d_2000_1333_s_2.jpg','KWON Yong Rae');
INSERT INTO ARTIST_EXHIBITIONS_INFO VALUES('Sky Wind Stars and Me','2017.03.09 - 2017.04.01','https://static.wixstatic.com/media/520ee6_15322bfebd4644a6b484ad6284e95ffd~mv2_d_2000_1306_s_2.jpg','KWON Yong Rae');
INSERT INTO ARTIST_EXHIBITIONS_INFO VALUES('Sky Wind Stars and Me','2017.03.09 - 2017.04.01','https://static.wixstatic.com/media/520ee6_a10bb49e4e184c8ca54c500f83047747~mv2_d_2000_1333_s_2.jpg','KWON Yong Rae');
INSERT INTO ARTIST_EXHIBITIONS_INFO VALUES('Sky Wind Stars and Me','2017.03.09 - 2017.04.01','https://static.wixstatic.com/media/520ee6_ef54e15f17c84e4fa59c4d3d2544ebf9~mv2_d_2000_1304_s_2.jpg','KWON Yong Rae');
INSERT INTO ARTIST_EXHIBITIONS_INFO VALUES('Sky Wind Stars and Me','2017.03.09 - 2017.04.01','https://static.wixstatic.com/media/520ee6_891fda540dbd4c2b9aaaecd7390b4c1d~mv2_d_2000_1332_s_2.jpg','KWON Yong Rae');
INSERT INTO ARTIST_EXHIBITIONS_INFO VALUES('sf.lu.p.t','2018.07.05 - 2018.08.05','https://static.wixstatic.com/media/520ee6_3e946a875a2c4dc68f91517b5c861a11~mv2_d_7360_4912_s_4_2.jpg','KIM Do Kyun');
INSERT INTO ARTIST_EXHIBITIONS_INFO VALUES('sf.lu.p.t','2018.07.05 - 2018.08.05','https://static.wixstatic.com/media/520ee6_4ba8a91275a44ea7b3156b3fbaba79e7~mv2_d_7360_4912_s_4_2.jpg','KIM Do Kyun');
INSERT INTO ARTIST_EXHIBITIONS_INFO VALUES('sf.lu.p.t','2018.07.05 - 2018.08.05','https://static.wixstatic.com/media/520ee6_6eff97c334de4baaa0c81cff141034b9~mv2_d_7360_4912_s_4_2.jpg','KIM Do Kyun');
INSERT INTO ARTIST_EXHIBITIONS_INFO VALUES('sf.lu.p.t','2018.07.05 - 2018.08.05','https://static.wixstatic.com/media/520ee6_490bfe3549104946b6316c5b4dadab6a~mv2_d_7360_4912_s_4_2.jpg','KIM Do Kyun');
INSERT INTO ARTIST_EXHIBITIONS_INFO VALUES('sf.lu.p.t','2018.07.05 - 2018.08.05','https://static.wixstatic.com/media/520ee6_e1f4f29c10c947b197f620105b74f149~mv2_d_7360_4912_s_4_2.jpg','KIM Do Kyun');
INSERT INTO ARTIST_EXHIBITIONS_INFO VALUES('sf.lu.p.t','2018.07.05 - 2018.08.05','https://static.wixstatic.com/media/520ee6_5226cf2815214e108f887bb706f19516~mv2_d_7068_4717_s_4_2.jpg','KIM Do Kyun');
INSERT INTO ARTIST_EXHIBITIONS_INFO VALUES('sf.lu.p.t','2018.07.05 - 2018.08.05','https://static.wixstatic.com/media/520ee6_2c2d5a0f3c6e432b83338236465f0d20~mv2_d_7360_4912_s_4_2.jpg','KIM Do Kyun');
INSERT INTO ARTIST_EXHIBITIONS_INFO VALUES('New of Flowers from Beijing','2018.05.10 - 2018.06.30','https://static.wixstatic.com/media/520ee6_ae0c5fb5be254238861b5959e8cee008~mv2_d_3000_2000_s_2.jpg','KIM Dong Wook');
INSERT INTO ARTIST_EXHIBITIONS_INFO VALUES('New of Flowers from Beijing','2018.05.10 - 2018.06.30','https://static.wixstatic.com/media/520ee6_a832e233d4404099ae258cc781fb6199~mv2_d_5469_3646_s_4_2.jpg','KIM Dong Wook');
INSERT INTO ARTIST_EXHIBITIONS_INFO VALUES('New of Flowers from Beijing','2018.05.10 - 2018.06.30','https://static.wixstatic.com/media/520ee6_1ad749d7b95e4f5186243bbb58ea9397~mv2_d_4000_2667_s_4_2.jpg','KIM Dong Wook');
INSERT INTO ARTIST_EXHIBITIONS_INFO VALUES('New of Flowers from Beijing','2018.05.10 - 2018.06.30','https://static.wixstatic.com/media/520ee6_3678611729e940a5bef774e8a7dd0cc9~mv2_d_4000_2667_s_4_2.jpg','KIM Dong Wook');
INSERT INTO ARTIST_EXHIBITIONS_INFO VALUES('New of Flowers from Beijing','2018.05.10 - 2018.06.30','https://static.wixstatic.com/media/520ee6_0e6c61d54318422dae0b774479032f75~mv2_d_4000_2667_s_4_2.jpg','KIM Dong Wook');
INSERT INTO ARTIST_EXHIBITIONS_INFO VALUES('Utopia: now here','2021.08.19 - 2021.09.16','https://static.wixstatic.com/media/520ee6_efa089d541be4066b8d8825bbd843a04~mv2.jpg','PARK Jong Kyu');
INSERT INTO ARTIST_EXHIBITIONS_INFO VALUES('Utopia: now here','2021.08.19 - 2021.09.16','https://static.wixstatic.com/media/520ee6_827c5188e05e4ce3a3163f9560d9deb0~mv2.jpg','PARK Jong Kyu');
INSERT INTO ARTIST_EXHIBITIONS_INFO VALUES('Utopia: now here','2021.08.19 - 2021.09.16','https://static.wixstatic.com/media/520ee6_fb09b9d12fd64a93ba43529a4ac9b4fb~mv2.png','PARK Jong Kyu');
INSERT INTO ARTIST_EXHIBITIONS_INFO VALUES('Utopia: now here','2021.08.19 - 2021.09.16','https://static.wixstatic.com/media/520ee6_f1fce60ae4824a75bfd4a054a09a98a4~mv2.png','PARK Jong Kyu');
INSERT INTO ARTIST_EXHIBITIONS_INFO VALUES('Painting and Thereafter','2021.02.18 - 03.25','https://static.wixstatic.com/media/520ee6_a58988c9db874d7cbebee72471489541~mv2.jpg','PARK Yoon Kyung');
INSERT INTO ARTIST_EXHIBITIONS_INFO VALUES('Painting and Thereafter','2021.02.18 - 03.25','https://static.wixstatic.com/media/520ee6_034fd3072cf2473b9b8a5dece5fac0eb~mv2.jpg','PARK Yoon Kyung');
INSERT INTO ARTIST_EXHIBITIONS_INFO VALUES('Burning Eros, and Sculpture''s Cross-over Mediality','2013.03.21 - 2013. 04. 28','https://static.wixstatic.com/media/520ee6_7ed5d153e4f24c2d881fd5f5bf99a814~mv2.jpg','PARK Ji Hyun');
INSERT INTO ARTIST_EXHIBITIONS_INFO VALUES('Painting and Thereafter','2021.02.18 - 03.25','https://static.wixstatic.com/media/520ee6_70e635eb98ff45c0b20a186ead39c911~mv2.jpg','PARK Yoon Kyung');
INSERT INTO ARTIST_EXHIBITIONS_INFO VALUES('Painting and Thereafter','2021.02.18 - 03.25','https://static.wixstatic.com/media/520ee6_13b69c216d4d451cac87931a10edd0af~mv2.jpg','PARK Yoon Kyung');
INSERT INTO ARTIST_EXHIBITIONS_INFO VALUES('Eye to Eye','2020.09.24 - 2020.12.31','https://static.wixstatic.com/media/520ee6_472bd05acfc84e23a2ef60bbb08b9041~mv2.jpg','KANG Hyung Koo');
INSERT INTO ARTIST_EXHIBITIONS_INFO VALUES('Eye to Eye','2020.09.24 - 2020.12.31','https://static.wixstatic.com/media/520ee6_1a86b64489b549949ca4037eb1bd3130~mv2.jpg','KANG Hyung Koo');
INSERT INTO ARTIST_EXHIBITIONS_INFO VALUES('Eye to Eye','2020.09.24 - 2020.12.31','https://static.wixstatic.com/media/520ee6_3f94af67cffc47b9bab1550793b91edb~mv2.jpg','KANG Hyung Koo');
INSERT INTO ARTIST_EXHIBITIONS_INFO VALUES('Eye to Eye','2020.09.24 - 2020.12.31','https://static.wixstatic.com/media/520ee6_e12ff510dad14d41b73bdc8bc7a5e162~mv2.jpg','KANG Hyung Koo');
INSERT INTO ARTIST_EXHIBITIONS_INFO VALUES('Look Into','2020.07.02 - 2020.09.18','https://static.wixstatic.com/media/520ee6_25cfc99125ed4e72b470e2e6cacc073c~mv2.jpg','KANG Hyung Koo');
INSERT INTO ARTIST_EXHIBITIONS_INFO VALUES('Look Into','2020.07.02 - 2020.09.18','https://static.wixstatic.com/media/520ee6_5b0158d720884fa2a413f876de7d4524~mv2.jpg','KANG Hyung Koo');
INSERT INTO ARTIST_EXHIBITIONS_INFO VALUES('Look Into','2020.07.02 - 2020.09.18','https://static.wixstatic.com/media/520ee6_81a2943f35644965abd28f53cf1fc491~mv2.jpg','KANG Hyung Koo');
INSERT INTO ARTIST_EXHIBITIONS_INFO VALUES('Look Into','2020.07.02 - 2020.09.18','https://static.wixstatic.com/media/520ee6_b59c1559850043fb955a611646668b45~mv2.jpg','KANG Hyung Koo');
INSERT INTO ARTIST_EXHIBITIONS_INFO VALUES('Burning Eros, and Sculpture''s Cross-over Mediality','2013.03.21 - 2013. 04. 28','https://static.wixstatic.com/media/520ee6_3778ec6c28a84c6286f4ceb2fa915413~mv2.jpg','PARK Ji Hyun');
INSERT INTO ARTIST_EXHIBITIONS_INFO VALUES('Burning Eros, and Sculpture''s Cross-over Mediality','2013.03.21 - 2013. 04. 28','https://static.wixstatic.com/media/520ee6_9e85a0eda0b0423da277b9a8dc02aa27~mv2.jpg','PARK Ji Hyun');
INSERT INTO ARTIST_EXHIBITIONS_INFO VALUES('Burning Eros, and Sculpture''s Cross-over Mediality','2013.03.21 - 2013. 04. 28','https://static.wixstatic.com/media/520ee6_25a687e9bd9a48c19adc79964c7aaa85~mv2.jpg','PARK Ji Hyun');
INSERT INTO ARTIST_EXHIBITIONS_INFO VALUES('Burning Eros, and Sculpture''s Cross-over Mediality','2013.03.21 - 2013. 04. 28','https://static.wixstatic.com/media/520ee6_fc6fc011af12421ba27698572e0b8bde~mv2.jpg','PARK Ji Hyun');
INSERT INTO ARTIST_EXHIBITIONS_INFO VALUES('New of Flowers from Beijing','2018.05.10 - 2018.06.30','https://static.wixstatic.com/media/520ee6_0e6c61d54318422dae0b774479032f75~mv2_d_4000_2667_s_4_2.jpg','PARK Hee Seop');
INSERT INTO ARTIST_EXHIBITIONS_INFO VALUES('New of Flowers from Beijing','2018.05.10 - 2018.06.30','https://static.wixstatic.com/media/520ee6_fab2eb7e88a04b1c8e14068797217b51~mv2_d_5000_3333_s_4_2.jpg','PARK Hee Seop');
INSERT INTO ARTIST_EXHIBITIONS_INFO VALUES('New of Flowers from Beijing','2018.05.10 - 2018.06.30','https://static.wixstatic.com/media/520ee6_1e9e64a616434a218a4928750a25b7b3~mv2_d_3000_2000_s_2.jpg','PARK Hee Seop');
INSERT INTO ARTIST_EXHIBITIONS_INFO VALUES('New of Flowers from Beijing','2018.05.10 - 2018.06.30','https://static.wixstatic.com/media/520ee6_827e625368924c53b0b535582538e74f~mv2_d_3000_2000_s_2.jpg','PARK Hee Seop');
INSERT INTO ARTIST_EXHIBITIONS_INFO VALUES('New of Flowers from Beijing','2018.05.10 - 2018.06.30','https://static.wixstatic.com/media/520ee6_ae0c5fb5be254238861b5959e8cee008~mv2_d_3000_2000_s_2.jpg','PARK Hee Seop');
INSERT INTO ARTIST_EXHIBITIONS_INFO VALUES('New of Flowers from Beijing','2018.05.10 - 2018.06.30','https://static.wixstatic.com/media/520ee6_a832e233d4404099ae258cc781fb6199~mv2_d_5469_3646_s_4_2.jpg','PARK Hee Seop');
INSERT INTO ARTIST_EXHIBITIONS_INFO VALUES('DECONSTRUCTIVISM','2019.08.02 - 2019.08.30','https://static.wixstatic.com/media/520ee6_28c212dfd1ec40dba12101d30dc628d9~mv2_d_5616_3744_s_4_2.jpg','BACK Seung Woo');
INSERT INTO ARTIST_EXHIBITIONS_INFO VALUES('DECONSTRUCTIVISM','2019.08.02 - 2019.08.30','https://static.wixstatic.com/media/520ee6_418c7fb9792e428aa2bfa6c499b3bf91~mv2_d_5616_3744_s_4_2.jpg','BACK Seung Woo');
INSERT INTO ARTIST_EXHIBITIONS_INFO VALUES('DECONSTRUCTIVISM','2019.08.02 - 2019.08.30','https://static.wixstatic.com/media/520ee6_8f9d133906de42e5883ed3bea1057b43~mv2_d_5616_3744_s_4_2.jpg','BACK Seung Woo');
INSERT INTO ARTIST_EXHIBITIONS_INFO VALUES('DECONSTRUCTIVISM','2019.08.02 - 2019.08.30','https://static.wixstatic.com/media/520ee6_f510a32d84894ea7a70a65d6f9838616~mv2_d_5616_3744_s_4_2.jpg','BACK Seung Woo');
INSERT INTO ARTIST_EXHIBITIONS_INFO VALUES('Color Phantasmagoria','2012.05.10 - 2012.06.10','https://static.wixstatic.com/media/520ee6_69587c69ef534053bc76a5290e344456~mv2.jpg','BYUN Jae Hee');
INSERT INTO ARTIST_EXHIBITIONS_INFO VALUES('Color Phantasmagoria','2012.05.10 - 2012.06.10','https://static.wixstatic.com/media/520ee6_baa2131cbc064f60bc934c995e8dcb3c~mv2.jpg/v1/fill/w_500,h_288,q_90/520ee6_baa2131cbc064f60bc934c995e8dcb3c~mv2.jpg','BYUN Jae Hee');
INSERT INTO ARTIST_EXHIBITIONS_INFO VALUES('Color Phantasmagoria','2012.05.10 - 2012.06.10','https://static.wixstatic.com/media/520ee6_48671d8072af4e11b75547642122fc6c~mv2.jpg/v1/fill/w_500,h_288,q_90/520ee6_48671d8072af4e11b75547642122fc6c~mv2.jpg','BYUN Jae Hee');
INSERT INTO ARTIST_EXHIBITIONS_INFO VALUES('Color Phantasmagoria','2012.05.10 - 2012.06.10','https://static.wixstatic.com/media/520ee6_f8def40154ea4c1e98dd5e90167711b2~mv2.jpg/v1/fill/w_500,h_288,q_90/520ee6_f8def40154ea4c1e98dd5e90167711b2~mv2.jpg','BYUN Jae Hee');
INSERT INTO ARTIST_EXHIBITIONS_INFO VALUES('Summer Permanent Exhibiton','2011.07.01 - 2011. 08. 31','https://static.wixstatic.com/media/520ee6_8bf3524a38214b2c955e69cdf8a52e92~mv2.jpg/v1/fill/w_305,h_500,fp_0.57_0.75,q_90/520ee6_8bf3524a38214b2c955e69cdf8a52e92~mv2.jpg','BYUN Jae Hee');
INSERT INTO ARTIST_EXHIBITIONS_INFO VALUES('The Hidden Masterpiece','2022.01.20-02.24','https://static.wixstatic.com/media/520ee6_0242909517cc49a2a1f4d0669cbac96e~mv2.jpg','SUH Yongsun');
INSERT INTO ARTIST_EXHIBITIONS_INFO VALUES('The Hidden Masterpiece','2022.01.20-02.24','https://static.wixstatic.com/media/520ee6_5fabc0a2e1004585b369ed2484925a99~mv2.jpg','SUH Yongsun');
INSERT INTO ARTIST_EXHIBITIONS_INFO VALUES('DECONSTRUCTIVISM','2019.08.02 - 2019.08.30','https://static.wixstatic.com/media/520ee6_f510a32d84894ea7a70a65d6f9838616~mv2_d_5616_3744_s_4_2.jpg','KIM Dae Soo');
INSERT INTO ARTIST_EXHIBITIONS_INFO VALUES('DECONSTRUCTIVISM','2019.08.02 - 2019.08.30','https://static.wixstatic.com/media/520ee6_e9165b3f8a3d4578babab8f78928b3f5~mv2_d_5525_3684_s_4_2.jpg','BACK Seung Woo');
INSERT INTO ARTIST_EXHIBITIONS_INFO VALUES('DECONSTRUCTIVISM','2019.08.02 - 2019.08.30','https://static.wixstatic.com/media/520ee6_639569ec67c24667a1f26ebe184cae8d~mv2_d_5616_3744_s_4_2.jpg','BACK Seung Woo');
INSERT INTO ARTIST_EXHIBITIONS_INFO VALUES('DECONSTRUCTIVISM','2019.08.02 - 2019.08.30','https://static.wixstatic.com/media/520ee6_639569ec67c24667a1f26ebe184cae8d~mv2_d_5616_3744_s_4_2.jpg','KIM Dae Soo');
INSERT INTO ARTIST_EXHIBITIONS_INFO VALUES('DECONSTRUCTIVISM','2019.08.02 - 2019.08.30','https://static.wixstatic.com/media/520ee6_28c212dfd1ec40dba12101d30dc628d9~mv2_d_5616_3744_s_4_2.jpg','KIM Dae Soo');
INSERT INTO ARTIST_EXHIBITIONS_INFO VALUES('DECONSTRUCTIVISM','2019.08.02 - 2019.08.30','https://static.wixstatic.com/media/520ee6_e9165b3f8a3d4578babab8f78928b3f5~mv2_d_5525_3684_s_4_2.jpg','KIM Dae Soo');
INSERT INTO ARTIST_EXHIBITIONS_INFO VALUES('DECONSTRUCTIVISM','2019.08.02 - 2019.08.30','https://static.wixstatic.com/media/520ee6_418c7fb9792e428aa2bfa6c499b3bf91~mv2_d_5616_3744_s_4_2.jpg','KIM Dae Soo');
INSERT INTO ARTIST_EXHIBITIONS_INFO VALUES('DECONSTRUCTIVISM','2019.08.02 - 2019.08.30','https://static.wixstatic.com/media/520ee6_8f9d133906de42e5883ed3bea1057b43~mv2_d_5616_3744_s_4_2.jpg','KIM Dae Soo');
INSERT INTO ARTIST_EXHIBITIONS_INFO VALUES('DECONSTRUCTIVISM','2019.08.02 - 2019.08.30','https://static.wixstatic.com/media/520ee6_c9eee446fbc141778e8100a93d341102~mv2_d_5616_3744_s_4_2.jpg','KIM Dae Soo');
INSERT INTO ARTIST_EXHIBITIONS_INFO VALUES('Sky Wind Stars and Me','2017.03.09 - 2017.04.01','https://static.wixstatic.com/media/520ee6_b6d439eea7fd46548540cd180cd99150~mv2_d_2000_1333_s_2.jpg','KIM Dae Soo');
INSERT INTO ARTIST_EXHIBITIONS_INFO VALUES('Sky Wind Stars and Me','2017.03.09 - 2017.04.01','https://static.wixstatic.com/media/520ee6_c50babbdf8ec42cf91d9e27230a972b4~mv2_d_2000_1333_s_2.jpg','KIM Dae Soo');
INSERT INTO ARTIST_EXHIBITIONS_INFO VALUES('Sky Wind Stars and Me','2017.03.09 - 2017.04.01','https://static.wixstatic.com/media/520ee6_15322bfebd4644a6b484ad6284e95ffd~mv2_d_2000_1306_s_2.jpg','KIM Dae Soo');
INSERT INTO ARTIST_EXHIBITIONS_INFO VALUES('Sky Wind Stars and Me','2017.03.09 - 2017.04.01','https://static.wixstatic.com/media/520ee6_a10bb49e4e184c8ca54c500f83047747~mv2_d_2000_1333_s_2.jpg','KIM Dae Soo');
INSERT INTO ARTIST_EXHIBITIONS_INFO VALUES('Sky Wind Stars and Me','2017.03.09 - 2017.04.01','https://static.wixstatic.com/media/520ee6_ef54e15f17c84e4fa59c4d3d2544ebf9~mv2_d_2000_1304_s_2.jpg','KIM Dae Soo');
INSERT INTO ARTIST_EXHIBITIONS_INFO VALUES('Sky Wind Stars and Me','2017.03.09 - 2017.04.01','https://static.wixstatic.com/media/520ee6_891fda540dbd4c2b9aaaecd7390b4c1d~mv2_d_2000_1332_s_2.jpg','KIM Dae Soo');









CREATE TABLE artist_exhibitions_news (
	exhibitions_title varchar2(20),	
	exhibitions_term varchar2(30), 	
	news_date varchar2(30),		
	news_title varchar2(100),		
	news_img varchar2(4000),		
	news_href varchar2(2000)		
);

ALTER TABLE artist_exhibitions_news MODIFY (exhibitions_title varchar2(100));


INSERT INTO ARTIST_EXHIBITIONS_NEWS VALUES('Preciosite',NULL,NULL,NULL,NULL,NULL);
INSERT INTO ARTIST_EXHIBITIONS_NEWS VALUES('Spiritoso','2011. 09. 20 ~ 2011. 10. 30','2011-09-25','한국경제/ 고국의 자연 화려한 붓질…','https://static.wixstatic.com/media/520ee6_72925e899cbd4816b5af40c0da9993b5~mv2.jpg','https://www.hankyung.com/life/article/2011092363271?intype=1');
INSERT INTO ARTIST_EXHIBITIONS_NEWS VALUES('Spiritoso','2011. 09. 20 ~ 2011. 10. 30','2011-09-24','한국경제bnt뉴스/ 김정향 개인전 ''spiritoso'' 내달 30일까지','https://static.wixstatic.com/media/520ee6_944392a4f2904c8f947daca6e1210b48~mv2.jpg','http://bntnews.hankyung.com/apps/news?popup=0&nkey=201109240038053&c1=05&c2=05&nid=05&mode=sub_view');
INSERT INTO ARTIST_EXHIBITIONS_NEWS VALUES('Spiritoso','2011. 09. 20 ~ 2011. 10. 30','2011-09-22','아시아투데이/ 김정향의 ′9월의 밤′','https://static.wixstatic.com/media/520ee6_2c03ab4b8efe49e9830402274cf86a5e~mv2.jpg/v1/crop/x_0,y_89,w_341,h_322/fill/w_438,h_412,al_c,lg_1,q_80,enc_auto/September_Evening_9%EC%9B%94%EC%9D%98_%EB%B0%A4_190x131cm_oil_on.jpg','https://www.asiatoday.co.kr/view.php?key=530761');
INSERT INTO ARTIST_EXHIBITIONS_NEWS VALUES('Spiritoso','2011. 09. 20 ~ 2011. 10. 30','2011-09-20','조선일보/ 詩처럼 풀어낸 자연','https://static.wixstatic.com/media/520ee6_3a4f7458f05e45c2841a0052d6ae2b16~mv2.jpg','https://www.chosun.com/site/data/html_dir/2011/09/19/2011091902272.html');
INSERT INTO ARTIST_EXHIBITIONS_NEWS VALUES('Spiritoso','2011. 09. 20 ~ 2011. 10. 30','2011-09-20','컨슈머타임스/ 자연의 신비와 회화적 현실의 만남','https://static.wixstatic.com/media/520ee6_bd859ce723fa4a9d97e4af2c06f4189e~mv2.jpg','http://www.cstimes.com/news/articleView.html?mod=news&act=articleView&idxno=53088');
INSERT INTO ARTIST_EXHIBITIONS_NEWS VALUES('Spiritoso','2011. 09. 20 ~ 2011. 10. 30','2011-09-15','문화일보/ 중견작가 김정향 개인전, 20일부터 갤러리 비케이','https://static.wixstatic.com/media/520ee6_8ffc8bc1e82f4c7c8996b9ed03577d62~mv2.jpg','http://www.munhwa.com/news/view.html?no=2011091501032430065004');
INSERT INTO ARTIST_EXHIBITIONS_NEWS VALUES('Spiritoso','2011. 09. 20 ~ 2011. 10. 30','2011-09-15','경향신문/ ''추출과 압축'' 물체의 특성만 화폭에 담는다.','https://static.wixstatic.com/media/520ee6_8a7a937dbeb84a83b80d7393f186b9ad~mv2.jpg','https://www.khan.co.kr/culture/art-architecture/article/201109152141455');
INSERT INTO ARTIST_EXHIBITIONS_NEWS VALUES('Painting and Thereafter','2021. 02. 18 ~ 2021. 03. 25','2021-03-02','교육연합신문 / ...2월 기획전','https://static.wixstatic.com/media/520ee6_607d53e413a64890bf6ad79f4e6fe4e6~mv2.jpg','http://www.eduyonhap.com/news/view.php?no=56430');
INSERT INTO ARTIST_EXHIBITIONS_NEWS VALUES('Painting and Thereafter','2021. 02. 18 ~ 2021. 03. 25','2021-02-26','민중의소리 / ...회화 속에 잔존하는','https://static.wixstatic.com/media/520ee6_fd821e6b4a2a471fb33a7c623504baea~mv2.jpg','https://www.vop.co.kr/A00001551358.html');
INSERT INTO ARTIST_EXHIBITIONS_NEWS VALUES('Painting and Thereafter','2021. 02. 18 ~ 2021. 03. 25','2021-02-26','Viewers/ ...올해 첫 번째 전시','https://static.wixstatic.com/media/520ee6_6327bbfac73c45ac9061ebb889d8b976~mv2.jpg','http://theviewers.co.kr/View.aspx?No=1517586');
INSERT INTO ARTIST_EXHIBITIONS_NEWS VALUES('Painting and Thereafter','2021. 02. 18 ~ 2021. 03. 25','2021-02-10','아트코리아방송 / ''Painting and thereafter''','https://static.wixstatic.com/media/520ee6_403e400906634c05abcaef96d96af24e~mv2.jpg','http://www.artkoreatv.com/news/articleView.html?idxno=75788');
INSERT INTO ARTIST_EXHIBITIONS_NEWS VALUES('Painting and Thereafter','2021. 02. 18 ~ 2021. 03. 25','2021-02-23','문화뉴스 / ...''회화''의 다면성','https://static.wixstatic.com/media/520ee6_3e36eb97e43049eebbcb44e90a577956~mv2.jpg','https://www.mhns.co.kr/news/articleView.html?idxno=500013');
INSERT INTO ARTIST_EXHIBITIONS_NEWS VALUES('Song of Fate','2017.04.06 - 2017.04.29','2017-03-21','세계일보 - 털끝만큼도 어그러짐 없이… 운명을 새기는 예술','https://static.wixstatic.com/media/520ee6_6d2537122ea8489ea7894fd4c32a0c62~mv2.jpg/v1/crop/x_0,y_25,w_500,h_471/fill/w_394,h_374,al_c,q_80,usm_0.66_1.00_0.01,enc_auto/20170321003301_0.jpg','http://www.segye.com/newsView/20170321003516');
INSERT INTO ARTIST_EXHIBITIONS_NEWS VALUES('Song of Fate','2017.04.06 - 2017.04.29','2017-03-24','아주경제 - 돌에 ''운명''을 새기다…''벼루작가'' 이상용 개인전','https://static.wixstatic.com/media/520ee6_f0829f2f8e274073b4178cfaadd78f66~mv2.jpg/v1/crop/x_0,y_130,w_640,h_605/fill/w_394,h_374,al_c,q_80,usm_0.66_1.00_0.01,enc_auto/20170324122611466124.jpg','https://www.ajunews.com/view/20170324111323937');
INSERT INTO ARTIST_EXHIBITIONS_NEWS VALUES('Song of Fate','2017.04.06 - 2017.04.29','2017-04-10','경향신문 - 베토벤 악보·벼루에 새긴 ''산다는 건 무엇인가''','https://static.wixstatic.com/media/520ee6_1aab313e278f42f1b90600f5e7a8386d~mv2.jpg/v1/crop/x_0,y_2,w_350,h_330/fill/w_394,h_374,al_c,lg_1,q_80,enc_auto/l_2017041101001264100107812.jpg','https://www.khan.co.kr/culture/art-architecture/article/201704102046005');
INSERT INTO ARTIST_EXHIBITIONS_NEWS VALUES('Latent Image','2011. 11. 15 ~ 2011. 12. 25','2011-12-07','아트조선/ 기억, 현실, 그리고 비경계 latent image 展','https://static.wixstatic.com/media/520ee6_5420c1dfc48d4a5dad3c7eaa7b981200~mv2.jpg/v1/crop/x_0,y_50,w_500,h_472/fill/w_436,h_412,al_c,q_80,usm_0.66_1.00_0.01,enc_auto/2011120602350_0.jpg','http://art.chosun.com/site/data/html_dir/2011/12/06/2011120602549.html');
INSERT INTO ARTIST_EXHIBITIONS_NEWS VALUES('Eye to Eye','2020.09.24 - 2020.12.31','2020-09-17','뉴시스 / ... 갤러리BK 강형구 ''마법''','https://static.wixstatic.com/media/520ee6_23ed8a86acb04ffc847442f97dc899a6~mv2.jpg','https://newsis.com/view/?id=NISX20200917_0001169993&cID=10701&pID=10700');
INSERT INTO ARTIST_EXHIBITIONS_NEWS VALUES('Look Into','2020.07.02 - 2020.09.18','2020-08-29','W Korea / 갤러리 가는 길','https://static.wixstatic.com/media/520ee6_2d1bf5ed9c5048ce84f937160595912a~mv2.jpg','https://www.wkorea.com/2020/08/29/%ea%b0%a4%eb%9f%ac%eb%a6%ac-%ea%b0%80%eb%8a%94-%ea%b8%b8/?utm_source=naver&utm_medium=partnership');
INSERT INTO ARTIST_EXHIBITIONS_NEWS VALUES('Look Into','2020.07.02 - 2020.09.18','2020-07-31','​Forbes Korea/ 정형모가 들려주는 예술가의 안목과  통찰(18) 초상화가 강형구','https://static.wixstatic.com/media/520ee6_0c0f2c2d50544fffbbd7debb9e9f1e40~mv2.jpg','http://jmagazine.joins.com/forbes/view/330851');
INSERT INTO ARTIST_EXHIBITIONS_NEWS VALUES('Look Into','2020.07.02 - 2020.09.18','2020-07-22','Asia Today/ 강형구의 ‘Audrey’','https://static.wixstatic.com/media/520ee6_e4b1c7d6a4ca4519b757e5b02275e51b~mv2.jpg','https://www.asiatoday.co.kr/view.php?key=20200722010013088');
INSERT INTO ARTIST_EXHIBITIONS_NEWS VALUES('Look Into','2020.07.02 - 2020.09.18','2020-06-22','KOREA ART TV/ 강형구 특별개관전 ‘Look Into’ 갤러리비케이','https://static.wixstatic.com/media/520ee6_2d1bf5ed9c5048ce84f937160595912a~mv2.jpg','http://www.koreaarttv.com/detail.php?number=57455');
INSERT INTO ARTIST_EXHIBITIONS_NEWS VALUES('Look Into','2020.07.02 - 2020.09.18','2020-06-16','아트 코리아 방송/ 2020 Gallery BK – Look Into 강형구 특별개관전','https://static.wixstatic.com/media/520ee6_2d1bf5ed9c5048ce84f937160595912a~mv2.jpg','http://www.artkoreatv.com/news/articleView.html?idxno=65506');
INSERT INTO ARTIST_EXHIBITIONS_NEWS VALUES('Garden of Light','2021.11.18 - 2021.12.29','2021-11-21','아시아투데이 / 권용래의 ''The Eternal Flame-Tinged with Light Green''','https://static.wixstatic.com/media/520ee6_7e78697071ff4f5a8a6873608e0c8c05~mv2.jpg','https://www.asiatoday.co.kr/view.php?key=20211121010012350');
INSERT INTO ARTIST_EXHIBITIONS_NEWS VALUES('Utopia: now here',NULL,NULL,NULL,NULL,NULL);
INSERT INTO ARTIST_EXHIBITIONS_NEWS VALUES('DECONSTRUCTIVISM','2019. 08. 02 ~ 2019. 08. 30','2019-07-23','갤러리비케이, 기획 사진전 ''DECONSTRUCTIVISM'' 개최','https://static.wixstatic.com/media/520ee6_4f96f1a56c84457792fd161b8e10350e~mv2_d_1500_2122_s_2.jpg','http://www.apparelnews.co.kr/news/news_view/?idx=177656');
INSERT INTO ARTIST_EXHIBITIONS_NEWS VALUES('Garden of Light','2021.11.18 - 2021.12.29','2021-10-21','싱글리스트 / Gallery BK, 11월 한재열, 권용래 개인전 오픈','https://static.wixstatic.com/media/520ee6_9dc5cd12e9bd4c279be3424f317f98f8~mv2.jpg','http://www.slist.kr/news/articleView.html?idxno=304531');
INSERT INTO ARTIST_EXHIBITIONS_NEWS VALUES('Garden of Light','2021.11.18 - 2021.12.29','2021-11-08','문화뉴스 / 권용래 개인전 ''Garden of Light'', 일렁이는 빛의 감동을…','https://static.wixstatic.com/media/520ee6_fd10a3c3cd9e46eb825939342eb532e5~mv2.jpg','http://www.mhns.co.kr/news/articleView.html?idxno=515319');
INSERT INTO ARTIST_EXHIBITIONS_NEWS VALUES('Sky Wind Stars and Me','2017. 03. 09 ~ 2017. 04. 01','2017-03-21','월간사진예술 - 김대수 <하늘과 바람과 별과 나>','https://static.wixstatic.com/media/520ee6_2b17d28af62442db8e87fcb769484675~mv2.jpg','https://m.post.naver.com/viewer/postView.nhn?volumeNo=6865425&memberNo=15848050&vType=VERTICAL');
INSERT INTO ARTIST_EXHIBITIONS_NEWS VALUES('Sky Wind Stars and Me','2017. 03. 09 ~ 2017. 04. 01','2017-03-02','이코노미톡 - 갤러리비케이 재개관전 주인공으로 김대수·손진아 작가 선정','https://static.wixstatic.com/media/520ee6_e82711c22d844d1db959643e22fea569~mv2.jpg','http://www.economytalk.kr/news/articleView.html?idxno=145960');
INSERT INTO ARTIST_EXHIBITIONS_NEWS VALUES('sf.lu.p.t','2018. 07. 05 ~ 2018. 08. 25','2018-08-18','미술세계 Vol.405 - 때때로 아름다움을 향해 간다','https://static.wixstatic.com/media/520ee6_2c2d5a0f3c6e432b83338236465f0d20~mv2_d_7360_4912_s_4_2.jpg','http://www.mise1984.com/magazine?article=1903');
INSERT INTO ARTIST_EXHIBITIONS_NEWS VALUES('sf.lu.p.t','2018. 07. 05 ~ 2018. 08. 25','2018-08-08','월간사진예술 - 김도균 ''s f . l u . p . t''','https://static.wixstatic.com/media/520ee6_fed46227b67049cd840cf124a1f33e58~mv2.jpg/v1/crop/x_0,y_623,w_1181,h_1116/fill/w_438,h_418,al_c,q_80,usm_0.66_1.00_0.01,enc_auto/a.jpg','https://m.post.naver.com/viewer/postView.nhn?volumeNo=16461946&memberNo=15848050');
INSERT INTO ARTIST_EXHIBITIONS_NEWS VALUES('sf.lu.p.t','2018. 07. 05 ~ 2018. 08. 25','2018-08-05','대한사진영상신문 - 갤러리비케이, 김도균 작가 개인전 ‘s f . l u . p . t’ 개최','https://static.wixstatic.com/media/520ee6_85ace4963aea453fa71518eec60e7cd8~mv2_d_1772_1378_s_2.jpg','http://photomarketing.co.kr/%ea%b0%a4%eb%9f%ac%eb%a6%ac%eb%b9%84%ec%bc%80%ec%9d%b4-%ea%b9%80%eb%8f%84%ea%b7%a0-%ec%9e%91%ea%b0%80-%ea%b0%9c%ec%9d%b8%ec%a0%84-s-f-l-u-p-t-%ea%b0%9c%ec%b5%9c/');
INSERT INTO ARTIST_EXHIBITIONS_NEWS VALUES('sf.lu.p.t','2018. 07. 05 ~ 2018. 08. 25','2018-07-25','월간사진 - s f . l u . p . t _ 김도균','https://static.wixstatic.com/media/520ee6_85ace4963aea453fa71518eec60e7cd8~mv2_d_1772_1378_s_2.jpg','http://www.monthlyphoto.com/art/art/artView.do?artId=2078');
INSERT INTO ARTIST_EXHIBITIONS_NEWS VALUES('New of Flowers from Beijing',NULL,NULL,NULL,NULL,NULL);
INSERT INTO ARTIST_EXHIBITIONS_NEWS VALUES('The Hidden Masterpiece','2022.01.20-2022.02.24','2021-12-23','한경닷컴 / 중견·원로 작가 그룹전 ''히든 마스터피스''','https://static.wixstatic.com/media/520ee6_a8e425760f8a4881b90eed7237628d1a~mv2.jpg','https://www.hankyung.com/life/article/202112238411Y');
INSERT INTO ARTIST_EXHIBITIONS_NEWS VALUES('The Hidden Masterpiece','2022.01.20-2022.02.24','2021-12-23','연합뉴스  / 중견·원로 작가 그룹전 ''히든 마스터피스''','https://static.wixstatic.com/media/520ee6_a8e425760f8a4881b90eed7237628d1a~mv2.jpg','https://www.yna.co.kr/view/AKR20211223049600005');
INSERT INTO ARTIST_EXHIBITIONS_NEWS VALUES('The Hidden Masterpiece','2022.01.20-2022.02.24','2021-12-23','메일경제 / 중견·원로 작가 그룹전 ''히든 마스터피스''','https://static.wixstatic.com/media/520ee6_a8e425760f8a4881b90eed7237628d1a~mv2.jpg','https://m.mk.co.kr/news/culture/view/2021/12/1198336/');
INSERT INTO ARTIST_EXHIBITIONS_NEWS VALUES('The Hidden Masterpiece','2022.01.20-2022.02.24','2022-01-04','문화뉴스 / 갤러리 BK ‘The Hidden Masterpiece’ 개최','https://static.wixstatic.com/media/520ee6_a8e425760f8a4881b90eed7237628d1a~mv2.jpg','https://www.mhns.co.kr/news/articleView.html?idxno=519206');
INSERT INTO ARTIST_EXHIBITIONS_NEWS VALUES('The Hidden Masterpiece','2022.01.20-2022.02.24','2021-01-24','더퍼블릭 /갤러리 BK ''The Hidden Masterpiece'' 개최...중견 및 원로 작가 대규모 그룹전','https://static.wixstatic.com/media/520ee6_a8e425760f8a4881b90eed7237628d1a~mv2.jpg','http://thepublic.kr/news/newsview.php?ncode=1065575445046800');
INSERT INTO ARTIST_EXHIBITIONS_NEWS VALUES('The Hidden Masterpiece','2022.01.20-2022.02.24','2022-01-24','아트조선 / 5070 중견작가들의 숨겨진 작품을 찾아서','https://static.wixstatic.com/media/520ee6_88a21f61a9b1439991d111b7ca10c018~mv2.jpg','http://art.chosun.com/site/data/html_dir/2022/01/21/2022012101620.html');
INSERT INTO ARTIST_EXHIBITIONS_NEWS VALUES('The Hidden Masterpiece','2022.01.20-2022.02.24','2022-01-25','서울문화투데이/갤러리BK, 대규모 그룹 기획전 《The Hidden Masterpiece》 개최','https://static.wixstatic.com/media/520ee6_fd1da23a30f74f91a6a2987f9c44ca7d~mv2.jpg','http://www.sctoday.co.kr/news/articleView.html?idxno=37660');
INSERT INTO ARTIST_EXHIBITIONS_NEWS VALUES('The Hidden Masterpiece','2022.01.20-2022.02.24','2022-01-27','디자인프레스/숨겨진 걸작 만날 기회! 구본창부터 최진욱까지, 미술계 한 획 그은 예술가 14인 그룹전','https://static.wixstatic.com/media/520ee6_72db216bab884c58a2820c47c9247d6d~mv2.png','https://blog.naver.com/PostView.naver?blogId=designpress2016&logNo=222633165668&categoryNo=14&parentCategoryNo=&from=thumbnailList');
INSERT INTO ARTIST_EXHIBITIONS_NEWS VALUES('Burning Eros, and Sculpture''s Cross-over Mediality','2013.03.21 - 2013. 04. 28','2013-03-26','조선일보/ <전시소식> 박지현 개인전 외','https://static.wixstatic.com/media/520ee6_21fa503699454d84a3f0f515d2a59220~mv2.jpg','https://www.chosun.com/site/data/html_dir/2013/03/26/2013032600026.html');
INSERT INTO ARTIST_EXHIBITIONS_NEWS VALUES('Burning Eros, and Sculpture''s Cross-over Mediality','2013.03.21 - 2013. 04. 28','2013-03-25','CNB저널/ <아트인 선정 전시> 갤러리비케이 ‘박지현 개인전’','https://static.wixstatic.com/media/520ee6_5ef9019affba4cf58bdd658cc4194bfc~mv2.jpg/v1/crop/x_80,y_0,w_390,h_369/fill/w_438,h_418,al_c,lg_1,q_80,enc_auto/11084a.jpg','https://weekly.cnbnews.com/news/article.html?no=110366');
INSERT INTO ARTIST_EXHIBITIONS_NEWS VALUES('Burning Eros, and Sculpture''s Cross-over Mediality','2013.03.21 - 2013. 04. 28','2013-03-20','파이낸셜뉴스/ 종이를 태우는 불꽃, 그리고 나타나는 형상','https://static.wixstatic.com/media/520ee6_25c1c88f6e7e4a23b0369f920a3733d9~mv2.jpg/v1/crop/x_57,y_0,w_386,h_365/fill/w_438,h_418,al_c,lg_1,q_80,enc_auto/Lap_time_8016%E2%80%9D(Maserati)_120x160cm_pigme.jpg','https://www.fnnews.com/news/201303201734052275?t=y');
INSERT INTO ARTIST_EXHIBITIONS_NEWS VALUES('Inscape Scape','2017. 03. 09 ~ 2017. 04. 01','2017-03-15','아시아투데이 - 손진아의 ‘Inscape Scape’','https://static.wixstatic.com/media/520ee6_e61d14e9164f424895be384fd4ddfb22~mv2.jpg','https://www.asiatoday.co.kr/view.php?key=20170315010009402');
INSERT INTO ARTIST_EXHIBITIONS_NEWS VALUES('Inscape Scape','2017. 03. 09 ~ 2017. 04. 01','2017-03-06','뉴시스 - 의자 버리고 찾은 ''식물의 점선면 풍경화''…손진아 개인전','https://static.wixstatic.com/media/520ee6_05f20c0e3b994682bceb63cf98753dc5~mv2.jpg','https://newsis.com/view/?id=NISX20170306_0014745346');
INSERT INTO ARTIST_EXHIBITIONS_NEWS VALUES('Inscape Scape','2017. 03. 09 ~ 2017. 04. 01','2017-03-02','이코노미톡 - 갤러리비케이 재개관전 주인공으로 김대수·손진아 작가 선정','https://static.wixstatic.com/media/520ee6_e82711c22d844d1db959643e22fea569~mv2.jpg','http://www.economytalk.kr/news/articleView.html?idxno=145960');
INSERT INTO ARTIST_EXHIBITIONS_NEWS VALUES('In Certain Place',NULL,NULL,NULL,NULL,NULL);
INSERT INTO ARTIST_EXHIBITIONS_NEWS VALUES('It''s The Hard Knock Life','2021. 06. 10 ~ 2021. 07. 29','2021-07-05','하퍼스바자/셀럽들도 간다는 이번 주 #신상전시회','https://static.wixstatic.com/media/520ee6_701951d039c24127b4ce9201ab2917bf~mv2.jpg','https://www.harpersbazaar.co.kr/article/56636');
INSERT INTO ARTIST_EXHIBITIONS_NEWS VALUES('It''s The Hard Knock Life','2021. 06. 10 ~ 2021. 07. 29','2021-06-25','행복이가득한집/7월의 Arts & Culture','https://static.wixstatic.com/media/520ee6_2afbdb24309b434482c10072c97d0029~mv2.jpg','http://happy.designhouse.co.kr/magazine/magazine_view/00010005/7534');
INSERT INTO ARTIST_EXHIBITIONS_NEWS VALUES('It''s The Hard Knock Life','2021. 06. 10 ~ 2021. 07. 29','2021-06-17','아시아 투데이 /우국원의  ‘Night Fishing’','https://static.wixstatic.com/media/520ee6_fd7f5bc6349b4acdb022d613913d1aa3~mv2.jpg','https://www.mk.co.kr/news/culture/view/2021/06/568871/');
INSERT INTO ARTIST_EXHIBITIONS_NEWS VALUES('It''s The Hard Knock Life','2021. 06. 10 ~ 2021. 07. 29','2021-06-13','매일경제 / …''한국의 바스키아'' 누구길래','https://static.wixstatic.com/media/520ee6_81b63f240db146b69590d075122ca914~mv2.jpg','https://www.mk.co.kr/news/culture/view/2021/06/568871/');
INSERT INTO ARTIST_EXHIBITIONS_NEWS VALUES('It''s The Hard Knock Life','2021. 06. 10 ~ 2021. 07. 29','2021-06-13','매일경제 / 줄서서 산다…배우 손예진 집 거실 그림 작가 우국원','https://static.wixstatic.com/media/520ee6_d60c91fbb32f4bddac5b0e6855f8fc50~mv2.jpg','https://www.mk.co.kr/news/culture/view/2021/06/568871/');
INSERT INTO ARTIST_EXHIBITIONS_NEWS VALUES('It''s The Hard Knock Life','2021. 06. 10 ~ 2021. 07. 29','2021-06-12','​Korean Spirit / 우국원 작가, 위로와 희망 전하다','https://static.wixstatic.com/media/520ee6_4cef47f5a22340d29d7aa4458a74cc01~mv2.jpg','http://www.ikoreanspirit.com/news/articleView.html?idxno=63757');
INSERT INTO ARTIST_EXHIBITIONS_NEWS VALUES('It''s The Hard Knock Life','2021. 06. 10 ~ 2021. 07. 29','2021-06-11','데일리투데이/ 갤러리비케이, 우국원 작가의 개인전 ‘It''s The Hard Knock Life’ 개최','https://static.wixstatic.com/media/520ee6_cf37b01fb58142f7b478a7edddcc0c2d~mv2.jpg','http://www.dailytoday.co.kr/news/view.php?idx=49973');
INSERT INTO ARTIST_EXHIBITIONS_NEWS VALUES('It''s The Hard Knock Life','2021. 06. 10 ~ 2021. 07. 29','2021-06-10','​더프리뷰 / 우국원 개인전, ‘It''s The Hard Knock Life','https://static.wixstatic.com/media/520ee6_e161d2848d4f41c1879c305e8b891760~mv2.jpg','http://www.thepreview.co.kr/news/articleView.html?idxno=4732');
INSERT INTO ARTIST_EXHIBITIONS_NEWS VALUES('Third Time Lucky','2019. 09. 20 ~ 2019. 11. 22','2019-09-24','우국원 개인전 -한 나절을 꿈꾸었네','https://static.wixstatic.com/media/520ee6_7625f6c292194ce5a24ba2f663d75ecf~mv2_d_1500_1920_s_2.jpg','https://www.magazineartmine.com/%ED%95%9C_%EB%82%98%EC%A0%88%EC%9D%84_%EA%BF%88%EA%BE%B8%EC%97%88%EB%84%A4/');
INSERT INTO ARTIST_EXHIBITIONS_NEWS VALUES('Third Time Lucky','2019. 09. 20 ~ 2019. 11. 22','2019-09-02','"Third Time Lucky" 2019','https://static.wixstatic.com/media/520ee6_7625f6c292194ce5a24ba2f663d75ecf~mv2_d_1500_1920_s_2.jpg','http://www.lullu.net/16628');
INSERT INTO ARTIST_EXHIBITIONS_NEWS VALUES('Third Time Lucky','2019. 09. 20 ~ 2019. 11. 22','2019-08-30','Gallery BK - 우국원 개인전','https://static.wixstatic.com/media/520ee6_7625f6c292194ce5a24ba2f663d75ecf~mv2_d_1500_1920_s_2.jpg','http://www.koreaarttv.com/detail.php?number=52827');
INSERT INTO ARTIST_EXHIBITIONS_NEWS VALUES('Redeemed','2017. 06. 29 ~ 2017. 07. 29','2017-07-05','헤럴드경제 - 갤러리비케이, 우국원 개인전 ‘REDEEMED’','https://static.wixstatic.com/media/520ee6_a3b0efb2bb41406ea48088a724697936~mv2.jpg','http://news.heraldcorp.com/view.php?ud=20170705000457');
INSERT INTO ARTIST_EXHIBITIONS_NEWS VALUES('Redeemed','2017. 06. 29 ~ 2017. 07. 29','2017-07-05','헤럴드경제 - 갤러리비케이, 우국원 개인전 ‘REDEEMED’','https://static.wixstatic.com/media/520ee6_a3b0efb2bb41406ea48088a724697936~mv2.jpg','http://news.heraldcorp.com/view.php?ud=20170705000457');
INSERT INTO ARTIST_EXHIBITIONS_NEWS VALUES('Redeemed','2017. 06. 29 ~ 2017. 07. 29','2017-07-06','아시아투데이 - 우국원의 ''Lacrimosa''','https://static.wixstatic.com/media/520ee6_e633b0f481414763833acb0ebd06411f~mv2.jpg','https://www.asiatoday.co.kr/view.php?key=20170706010002624&ref=search');
INSERT INTO ARTIST_EXHIBITIONS_NEWS VALUES('나무, 인간을 닮다','2012. 08. 25 ~ 2012. 09. 28','2012-08-20','주간조선/ 영원히 죽지 않는 소나무','https://static.wixstatic.com/media/520ee6_3cccccd2ff7a40f2b3e0fe9d45f6f32e~mv2.jpg','http://weekly.chosun.com/client/news/viw.asp?nNewsNumb=002220100027&ctcd=C09');
INSERT INTO ARTIST_EXHIBITIONS_NEWS VALUES('나무, 인간을 닮다','2012. 08. 25 ~ 2012. 09. 28','2012-08-25','뉴시스/ [유상우 화랑가]이길래 ‘나무, 인간을 닮다’','https://static.wixstatic.com/media/520ee6_3cccccd2ff7a40f2b3e0fe9d45f6f32e~mv2.jpg','https://newsis.com/ar_detail/view.html/?cID=&ar_id=NISX20120822_0011384651');
INSERT INTO ARTIST_EXHIBITIONS_NEWS VALUES('나무, 인간을 닮다','2012. 08. 25 ~ 2012. 09. 28','2012-08-26','국민일보/ 인간 본능과 자연에 대한 동경 담아','https://static.wixstatic.com/media/520ee6_d485229050e04b21a86efe88099de687~mv2.jpg','http://news.kmib.co.kr/article/view.asp?arcid=0006379480');
INSERT INTO ARTIST_EXHIBITIONS_NEWS VALUES('나무, 인간을 닮다','2012. 08. 25 ~ 2012. 09. 28','2012-08-27','아시아투데이/ [투데이갤러리] 이길래 ′노송도′','https://static.wixstatic.com/media/520ee6_7a87a60fb0894a169ea8e4c55b7abae4~mv2.jpg','https://www.asiatoday.co.kr/view.php?key=688343');
INSERT INTO ARTIST_EXHIBITIONS_NEWS VALUES('Song of Fate','2017.04.06 - 2017.04.29','2017-03-15','아시아투데이 - 이상용의 ''Fate''','https://static.wixstatic.com/media/520ee6_9a2fbbf5c870447fa19be7643c135c3b~mv2.jpg/v1/crop/x_97,y_0,w_465,h_439/fill/w_394,h_374,al_c,q_80,usm_0.66_1.00_0.01,enc_auto/2017032301002713900147671.jpg','https://www.asiatoday.co.kr/view.php?key=20170323010014767');










CREATE TABLE artist_info (
	eng_name varchar2(20),
	info varchar2(4000)		
);


INSERT INTO ARTIST_INFO VALUES
('KIM Jung Hyang','김정향

 

1955 출생

1980 프랫 인스티튜트 석사 졸업, 브루클린, 미국

1977 서울대학교 미술대학 회화과 졸업,

 

개인전

2013 밤과 새벽- 그사이, 호 갤러리, 첼시, 뉴욕

2012 색채의 길, 애미 사이몬 갤러리, 웨스트포트, 커네티컷

2011 Scented Forest, Galerie Caplain-Matignon, 파리, 프랑스

        Spiritoso, Gallery BK, 서울

2009 Ilumination - New York, New York, 갤러리 89, 파리, 프랑스

         InFlux, In Bloom, 안토니오 지오다노, 다울링 대학교, 오크데일, 뉴욕 

2008 New Work, 포트리, 뉴욕

        Reconciling Art and Culture, 더 화이트 갤러리, 서울

2006 Unfurled, 훈 갤러리, 뉴욕

         Two ways of Seeing, 예맥 갤러리, 서울

2005 Recent Paintings and works on paper, 버나큘러 프레스, 뉴욕

2003 김정향 – 신작, 밴 샨 갤러리스, 윌리엄 페터슨 대학, 웨인

2001 Twiligh, 필립스 미술관, 다나 룸, 프랭클린 앤드 마쉘, 랭커스터, 펜실베니아

2000-2003 익스비션 스페이스, 100 브로드웨이 뉴욕

주요단체전

2011 Summer Rotation, 에이미 사이먼 파인 아트, 웨스트 포트

        Boom – Box 붐-박스, AAAC, 뉴욕

2009 Faces & Facts: Korean Contemporary Art in New York - Part 1 "Abstraction Now” 앱스트랙션 나우, 
          갤러리 코리아, 뉴욕

        Invitational, 코러스 하우스, 워싱턴 DC

        Four Painters, 나라 갤러리, 포트리

        Inaugurating DREAM - 2 Person Show, 에이미 사이먼 파인 아트, 웨스트 포트

2008 summer garden show, 메타포 현대화랑 브루클린

         Insight, 클로스터 아트 스튜디오, 클로스터

         2008 Calendar Exhibition, 훈 갤러리, 뉴욕

         Punch Bowl, 메타포 현대화랑, 브루클린

2007 2007 Collectors Show, 아칸소 미술관, 리틀 록

           아트 대구 특별전, 대구 컨벤션 센터 (EXCO), 대구

           Korea Transfer, 퍼메넌트 미션 오브 더 리퍼블린 오브 코리아 투 더 유나이티드 네이션스, 뉴욕  

           Summer Group Show, 에미 사이먼 파인 아트, 웨스트 포트

           White as Color, 지니 텐젤슨 갤러리, 아트 리그 오브 롱 아일랜드, 딕스 힐스

           대지, 바람 그리고 불 - 3인의 여성 작가, 2 X 13 갤러리, 뉴욕

           회화를 보는 방식 #11, 앨른 쉐퍼드 갤러리, 뉴욕

           the spirit of  color!!, 에미 사이먼 파인 아트, 웨스트 포트

2006 Transplant/ Transculture, 웨이브 힐, 브롱스

         In/Formed Color, 브릭 갤러리, 캣스킬

         Spi-ritual - 3인의 작가, 갤러리 한국, 뉴욕

2005 Artville, 2X13 갤러리, 뉴욕

        Group Show, 스페이스 월드, 롱 아일랜드 시티

        One-day exhibition, 에이에이치앨 재단, 큐 재단, 뉴욕

        FALLAYAVADA– 바크 이소 프로젝트 앤드 트리뷰트, 캘리포니아 대학, 얼바인

        Art Bar 2005-2006, 이타카 초콜렛 주식회사 갤러리, 이타카

        Road so far, 메타포 현대화랑, 브루클린 

공공미술 프로젝트

2013 뉴욕대학병원 37 가 공원 모자익 3.6미터 x 6미터, 뉴욕대학병원, 뉴욕

2012 뉴욕대학병원 로비 3.6미터x 6미터 유리작품, 뉴욕대학병원, 뉴욕

2011 7.31x91.44m 모자이크 벽화 - LIG 보험사 부산 본사, 부산

       1.83x18.3m 유리, LED 벽화- LIG 보험사 HD center, 사천

       4x47.25m 야외 모자이크 벽화- LIG 보험사 HD center, 사천');





INSERT INTO ARTIST_INFO VALUES('KIM Jongmin Joy','Jongmin Joy KIM

​

2010               Graduated from Gimcheon High School of Arts

2016               BFA, School of Visual Art

​

Selected Solo Exhibitions

2021               ‘Hide and Go Seek’, Gallery Artrie, Bundang, South Korea

2020              ‘Joy’, Space776 Gallery, Seoul, South Korea

2018               ‘Off Volta’, Space776 Gallery, NY, U.S.

                         ‘Sensorium’, Space776 Gallery, NY, U.S.

2017               ‘Widz Kid’, Art Ventures Gallery, CA, U.S.

 

Selected Group Exhibitions

2020              ‘Desensitization’, Jinsan Gallery, Seoul, South Korea

                         ‘New Wave’, Artrie Gallery, Seoul, South Korea

2019                ‘Plan B’, David Zwirner Gallery, NY, U.S.

                         ‘Art Wave Brooklyn’, Space776 Gallery, NY, U.S.

2018               ‘Wind Over Lake’, Space776 Gallery, NY, U.S.

                         ‘Uncommon Beauty’, Uncommon Beauty Gallery, NY, U.S.

                         ‘AHL Foundation, Inc: Different, But Alike’, Ray Gallery, NY, U.S.

                         ‘QUAD’, Space776 Gallery, NY, U.S.

                         ‘Bushwick Open Studio’, Space776 Gallery, NY, U.S.

                         ‘Anniversary Throwback Show’, Space776 Gallery, NY, U.S.

                         ‘Expression of the Emotions’, Space776 Gallery, NY, U.S

                         ‘Open House’, Space776 Gallery, NY, U.S.

                         ‘A little Sunshine’, Space776 Gallery, NY, U.S.

 

Residency

2018               Space776 Gallery, NY, U.S.

2017                Art Ventures Gallery, CA, U.S.

​

Awards

2016    Award for EXCELLENCE FROM Conception Global art collection

​

Solo Booth

2019                Volta New York, NY, U.S.

                         Volta Basel, Basel, Switzerland.

2018               Scope New York, NY, U.S.');





INSERT INTO ARTIST_INFO VALUES('Kim Sea Joong','김 세 중

 

2006   파리 국립 8대학 조형예술학과 석사 졸업

2002   파리 국립 8대학 조형예술학과 학사 졸업

1999   에꼴 데 보자르 드 베르사이유 수료

 

개인전

2014   프레시오지떼, 갤러리비케이

2010   갤러리 엠

2008   갤러리 공

2006   갤러리 씨떼 데자르, 파리

         갤러리 킴 베르나뎅, 파리

2005   갤러리 에스빠쓰 트리스탕베르나르, 파리

2000   갤러리 라메종돌리브, 파리

1999   갤러리 엘레빵 블랑, 파리

 

단체전

2012   산수 닷 인, 엘알지아트스페이스

         이천국제조각심포지엄, 이천아트홀 아트갤러리, 이천

         트라이엥글, 갤러리 팔레드서울

         하모니 오브 더 이너사이드, 블랙스톤갤러리, 이천

2011   리턴투 코리아, 무등갤러리, 광주

         상형, 블랙스톤갤러리, 이천

         시차, 아미 미술관, 당진

         클리오박스, 인사아트센터

         누보데빠흐, 이앙갤러리

         시차,갤러리 팔레드서울

2010   청담 미술제,청담48번지

         저작걸이, 성균갤러리

         행복한 그릇, 공 아트스페이스

         누쏨, 대안공간 스페이스선

         시차, 갤러리 케레스타

2009   아름다운 다리, 예술의전당

         큐브, 갤러리 스페이스다, 중국

         시차, 갤러리 이앙

         봄-다가가기, 소나무 갤러리

         오래된 미래, 토포 하우스

         뉴제네레이션 오브 뉴스페이스, 크링

2008   다섯개의 통로, 갤러리 씨앤씨, 부산

2007   시차, 갤러리 영

         즐거운 배신, 갤러리 리즈, 양평

         더룸2007, 갤러리 현대미아점

         더룸2007, 갤러리벨벳

2006   꿈처럼, 갤러리 밀 쁠라또, 파리

2004   시제 비엔날레, 시제

2003   남자와 여자, 갤러리 트리스탄 베르나르, 파리

         자화상, 파리 재무성, 파리

2002   한국 2002: 현대미술전, 파리 4구 구청, 파리

         쉘시현대미술, 쉘 문화원, 쉘

2000   앙제시 초대전, 그랑테아트르 앙제, 앙제

         앙제대학 초대전, 앙제 대학 도서관, 앙제

1999   봉쥬르밀레니엄, 프레스센터 

         봉쥬르밀레니엄, 서귀포

         제이.피.씨.33, 갤러리 가나 보부르, 파리

 

레지던시

2010   가나 스튜디오, 장흥

2009   공 스페이스 레지던시

 

수상

2002   프리 뒤 콩쎄이 다홍디쓰망, 파리

 

작품소장

국립현대 미술관 / 미술은행 

외 다수');





INSERT INTO ARTIST_INFO VALUES('KIM Sea Joong','김 세 중

 

2006   파리 국립 8대학 조형예술학과 석사 졸업

2002   파리 국립 8대학 조형예술학과 학사 졸업

1999   에꼴 데 보자르 드 베르사이유 수료

 

개인전

2014   프레시오지떼, 갤러리비케이

2010   갤러리 엠

2008   갤러리 공

2006   갤러리 씨떼 데자르, 파리

           갤러리 킴 베르나뎅, 파리

2005   갤러리 에스빠쓰 트리스탕베르나르, 파리

2000   갤러리 라메종돌리브, 파리

1999   갤러리 엘레빵 블랑, 파리

 

단체전

2012   산수 닷 인, 엘알지아트스페이스

         이천국제조각심포지엄, 이천아트홀 아트갤러리, 이천

         트라이엥글, 갤러리 팔레드서울

         하모니 오브 더 이너사이드, 블랙스톤갤러리, 이천

2011   리턴투 코리아, 무등갤러리, 광주

         상형, 블랙스톤갤러리, 이천

         시차, 아미 미술관, 당진

         클리오박스, 인사아트센터

         누보데빠흐, 이앙갤러리

         시차,갤러리 팔레드서울

2010   청담 미술제,청담48번지

          저작걸이, 성균갤러리

          행복한 그릇, 공 아트스페이스

          누쏨, 대안공간 스페이스선

          시차, 갤러리 케레스타

2009   아름다운 다리, 예술의전당

          큐브, 갤러리 스페이스다, 중국

          시차, 갤러리 이앙

          봄-다가가기, 소나무 갤러리

          오래된 미래, 토포 하우스

          뉴제네레이션 오브 뉴스페이스, 크링

2008   다섯개의 통로, 갤러리 씨앤씨, 부산

2007   시차, 갤러리 영

          즐거운 배신, 갤러리 리즈, 양평

          더룸2007, 갤러리 현대미아점

          더룸2007, 갤러리벨벳

2006   꿈처럼, 갤러리 밀 쁠라또, 파리

2004   시제 비엔날레, 시제

2003   남자와 여자, 갤러리 트리스탄 베르나르, 파리

          자화상, 파리 재무성, 파리

2002   한국 2002: 현대미술전, 파리 4구 구청, 파리

          쉘시현대미술, 쉘 문화원, 쉘

2000   앙제시 초대전, 그랑테아트르 앙제, 앙제

         앙제대학 초대전, 앙제 대학 도서관, 앙제

1999   봉쥬르밀레니엄, 프레스센터 

          봉쥬르밀레니엄, 서귀포

          제이.피.씨.33, 갤러리 가나 보부르, 파리

 

레지던시

2010   가나 스튜디오, 장흥

2009   공 스페이스 레지던시

 

수상

2002   프리 뒤 콩쎄이 다홍디쓰망, 파리

 

작품소장

국립현대 미술관 / 미술은행 

외 다수');





INSERT INTO ARTIST_INFO VALUES('KIM Do Kyun','김도균 KDK

b. 1973

 

2009    아카데미브리프(크리스토퍼 윌리암스), 뒤셀도르프 쿤스트아카데미, 독일

2006    마이스터쉴러(토마스 루프), 뒤셀도르프 쿤스트아카데미, 독일

1999    서울예술대학 사진과 졸업

 

개인전

2017   .20110326-20171214 instagram@kdkkdk 20171215-20171231, 상업화랑, 서울

2016   ‘out of in, aando fine art, 베를린, 독일

2015    p, PERIGEE GALLERY, 서울

2014    KDK b.ios.lu.sf.w., 신세계백화점 본관 아트 월, 서울

2013    2013 : A Space Odyssey, KAIST 경영대학 SUPEX, 서울

2012    b, 갤러리 2, 서울

2011     Facility Skins, Michael Schultz, 베를린, 독일

            Space Faction, MK2 Art Space, 베이징, 중국

2010    Flowingscape, 서울시립미술관 난지미술창작스튜디오 난지갤러리, 서울

            Line Up, 갤러리 2, 서울

            SF, 갤러리미고, 부산

2009    KDK, 구지갤러리, 대구

2008    New SF, 갤러리 2, 서울

            W, 갤러리 2, 서울

2006    SF, 원앤제이 갤러리, 서울

            Images of Speed, 서미앤투스, 서울

2005    Images of Speed, 갤러리 Delank, 쾰른

2000    SK갤러리, 서울


그룹전

2018   The third print 호모 아키비스트 작가의 개입, 도잉아트, 서울­

2018   도시유희, 021갤러리, 대구

2017  ,,Mobius stripe, ONE AND J 갤러리, 서울

         ,,Love and Stripe, AK 갤러리, 수원

            별의 별, 경남도립미술관, 창원

           삼라만상 : 김환기에서 양푸둥까지, 국립현대미술관, 서울

2016    달은, 차고, 이지러진다 국립현대미술관 과천 30년 특별전, 국립현대미술관, 과천,

             Inner space, 아뜰리에 아키, 서울


레지던시

2017        cite international des arts, 파리, 프랑스

2016        ISCP, 뉴욕, 미국

2013        토탈미술관 + 도미노프로젝트 레지던시, 자그레브, 크로아티아

2010-2011    국립 미술창작 창동스튜디오, 서울

2009-2010   난지 미술창작 스튜디오, 서울


컬렉션

Kunstbibliothek Staatliche Museen zu Berlin, Photography Collection

IKB Deutsche Industriebank

UBS

삼성 리움 미술관

마리오 보타 컬렉션

미술은행

서울시립 미술관

국립현대미술관');





INSERT INTO ARTIST_INFO VALUES('KIM Dongyoo','Kim Dong yoo​

​
Selected Solo Exhibitions

2019             노화랑, 서울, 한국
2018             인당뮤지엄, 대구, 한국
2017             애비뉴엘아트홀, 서울, 한국
2016             스콥뉴욕 2016, 뉴욕, 미국
2015             Sis Gallery, 뉴욕, 미국
                     Hasted Kraeutler “리빙투게더”, 뉴욕, 미국
                     대전시립미술관, 대전, 한국
2014             갤러리세솜, 창원, 서울
2013             롯데갤러리, 서울, 한국
2012             갤러리현대, 서울, 한국
2011             갤러리바톤, 서울, 한국
                      외 다수
​

Selected Group Exhibitions

2020              제주, 아시아를그리다, 제주세계자연유산센터, 제주, 한국
2018              KOREAN ART NOW 2018, 이화익갤러리, 서울, 한국
2017              오세열· 김동유 사제전, 갤러리조은, 서울, 한국
2015              디올정신, 동대문디자인플라자, 서울, 한국
                      스콥바젤 2015, 바젤, 스위스
                      LEEFRESH, 이화익갤러리, 서울, 한국

 

Collections

국립현대미술관(미술은행)
경기도미술관
서울시립미술관
사비나미술관
삼성미술관
성곡미술관
대전시립미술관
임옥미술관
부산시립미술관
한림미술관
대림미술관
금호미술관');





INSERT INTO ARTIST_INFO VALUES('KIM Dae Soo','Kim Daesoo

 

1975-1979             B.F.A., Dept. of Applied Art, College of Fine Arts, Hongik Univ., Seoul

1980-1981             Studied at Dept. of Photo-Design, Graduate School of Industrial Art, Hongik Univ., Seoul

1981-1983             B.F.A., Photography, Parsons School of Design, N.Y., USA

1983-1987             M.F.A., Photography, Pratt Institute, N.Y., USA

 

Solo Exhibitions 

2018             The Garden of Letters, Gallery Seoi, Seoul

2017             Sky Wind Stars and Me, Gallery BK, Seoul

201              DaeSoo Kim Photography, Francoise Livinec Gallery, Paris

                      DaeSoo Kim Photography, Gallery Achim, Seoul

                     New Wave in Korean Photography 1988-1998, GoEun Meseum of Photography, Busan, Korea

2014             DaeSoo Kim Photographies, IBU Gallery, Paris

2013             Trees from the People, Artpark Gallery, Seoul

2012             Listen to the Bamboos, Gallery Eulenspiegel, Gallery Heuberg 24, Basel, Switzerland

                       Sensibility of Bamboo, Ewho Gallery, Seoul

                      People du Bamboo, Gallery Philippe Gelot, Paris

2011             Voice of the Bamboo, HanMi Gallery, Jeju, Korea

                     Voice of the Bamboo, ShinSeGae Gallery, Incheon, Korea

2010             Colors of the Bamboo, Gallery IHN, Seoul

2007             DaeSoo Kim Photo Work, Mac Gallery, Busan, Korea

2006             Sky Meditation, White Wall Gallery, Seoul

2004             Sky, Winds, Stars, and Me, Kim Young Sub Photogallery, Seoul

2003             Trees from the People, Keumsan Gallery, Seoul

2000             The Tale of Three Trees, Sajinmadang, Seoul

1999             A Road to the Sky, Kumho Museum, Seoul

1998             The Great Korean, Olive Gallery, Seoul

1996             The Land of Wisdom, Gallery Boda, Seoul

1990             New Wave Photographer from Korea, Sunygate Gallery, Taiwan

1988             Creation and Then..., Gallery Han, Seoul

1987             Thesis Show, Higgins Hall, N.Y., USA

1984             Quest of Light, Space Gallery, Seoul

1983             Graduate One Man Show, Parsons Hall, N.Y., USA 

 

Group Exhibitions (Selected)

2016   HI Light, Sai Gallery, Seoul

          Hand, Gallery Eulenspiegel, Basel, Switzerland

          Talk about Dream, Happiness and Love, SooHoh Gallery, Bundang, Korea

          Public to Private-Photography in Korean Contemporary Art since 1989, National 
          Museum of Modern and Contemporary Art, Seoul

          DaeSoo Kim: Fotografien, Gallery Eulenspiegel, Basel, Switzerland

          Sharing the Spotlight, Art Space J, Bundang, Korea

2015   Current of Korean Journey of Photography, GASC Yunseul Art Museum, Kimhae, Korea

          The Condensed Moment, Seoul Arts Center, Seoul

          Re:Kontemporary-Fermented Souls, Kate Shin Gallery, N.Y., USA

          Mind Scape, Shinsegae Art Wall, Seoul

          The 21st Century Handmade Print, gallery 270, New Jersey, USA

2014   Korean Beauty: Two Kind of Nature, National Museum of Modern and Contemporary Art, Korea

          Hue: Rest, The American Club, Singapore

          Space: Life and Routine, Choijungah Gallery, Seoul

2013   The Wind that Wakes the Bamboo, Gwangju National Museum, Gwangju, Korea

          Art Space J Gallery Opening Exhibition, Art Space J Gallery, Bundang, Korea

          Port-Breath of Incheon, Shinsegae Gallery, Incheon, Korea

          Photo Scape: Eye for the Ordinary Miracle, Interalia Gallery, Seoul

2012   Hongik International Art Festival, Art Gallery, Seoul

          Monochrome in Korea, Galelie Dorothea, Mainz, Germany


Main Collections

National Museum of Modern and Contemporary Art(Seoul, Korea), Santa Barbara Museum of 
Art(Santa Barbara, USA), The Museum of Photography(Seoul, Korea), Supreme Court of Korea, 
Jeju Museum of Contemporary Art(Jeju, Korea), Seoul Museum of Art etc.');





INSERT INTO ARTIST_INFO VALUES('KIM Dong Wook','김동욱
Dong Wook Kim

​

경일대학교 사진영상학과 졸업
홍익대학교 산업미술대학원 사진디자인전공 수료
C Company ,대표 사진작가, 베이징

​

개인전

2014   39,40,41 이동욱 개인전, 갤러리 엘르, 서울, 한국
          Wozu, 이동욱 개인전, 갤러리 팔레드 서울, 서울, 한국
2013   Wozu, 클라우스 루카스 개인전, 노암 갤러리, 서울, 한국
         Sense Of Guilt, 이동욱 개인전, 중 아트 갤러리 특별전시관, 용인, 한국
2012   Fake Tale, 이동욱 개인전, 아페타 갤러리,서울,한국
           Sense Of Guilt, 이동욱 개인전,  GS타워 더 스트릿 갤러리, 서울, 한국
2011   Sacrifice, 이동욱 개인전, 노암갤러리, 서울, 한국
2010   Lost, 이동욱 개인전, 갤러리 그림손, 서울
          Plastic Syndrome, T Art Center, 베이징
2009   A Decisive moment, 이동욱 개인전, 서울옥션, 부산, 한국
2008   A Decisive moment, 이동욱 개인전, 가나아트스페이스, 서울, 한국


주요 단체전

2016   사진의 회화성, 부평아트센터, 부평, 한국
2014   DAMprize, DAMarte 갤러리, 밀라노, 이탈리아
2011    Exhibition ‘V.E.R’, Am 갤러리, 브라이튼, 영국
2009   KARSH 100, 한국인물사진전, 예술의 전당, 서울
2008   K*MoPA Young Portfolio Acquisitions, 키요사토사진박물관, 일본
           Heart Show, 인사아트센터, 서울, 한국
           9th Seoul Auction Cuttting Edge_서울옥션, 서울, 한국
2007   Phodar Biennial, 플레벤, 불가리아
           HP Turn-on, 노암갤러리, 서울,한국
2006   World on Live_I Love Korea, 부산국제영화제 특별전시장, 부산, 한국
           하이브리디즘_서울국제사진 페스티발, 갤러리쌈지, 서울, 한국
           디자人을 만나다, Triad Multimedia Gallery, 서울');





INSERT INTO ARTIST_INFO VALUES('KANG Hyung Koo','KANG Hyung Koo

 

1980  Choong-Ang University, Painting, BFA, Seoul, Korea

 
Solo Exhibitions 

2020  Look Into, Gallery BK, Seoul, Korea

2019  Intimate Strangers, Arario Museum, Jeju, Korea

2018  CLOSE UP, Choice Art Company, Seoul, Korea

2014  Hyun koo Kang and his Muse, OH! Marylin, ARARIO GALLERY Cheonan, Korea

2013  I SEE YOU, Young Eun Museum, Gwangju, Korea

2012  Crossing Gazes, Mizuma Gallery, Singapore

​2011  Hyung Koo KANG’S Solo Exhibition, Singapore Art Museum, Singapore

2010  Hyung Koo KANG’S Solo Exhibition, Young Eun Museum, Gwangju, Korea

          Hyung Koo KANG’S Solo Exhibition, Arario Gallery, New York, USA

          Beyond the Blue, Gallery Hyundai, Seoul, Korea

2009  Hyung Koo KANG’S Solo Exhibition, Arario Gallery, New York, USA

           Hyung Koo KANG’S Solo Exhibition, Arario Gallery, Seoul, Korea         

2007  Hyung Koo KANG’S Solo Exhibition, Arario Gallery, Cheonan, Korea

2006  Hyung Koo KANG’S Solo Exhibition, Lotte Art Gallery, Busan, Korea

2005  Hyung Koo KANG’S Solo Exhibition, Gwangju Museum of Art, Gwangju, Korea

 

Group Exhibitions (Selected)

2018  Contemporary Art Dictionary 7 Keywords, Jeonnuk Museum of Art, Wanju, Korea

2013  Look East!2 : Arian Perspectives, Mizuma Gallery, Singapore

          Banana and I , Arario Gallery, Cheonan, Korea

2012  Korean Eye, Saatchi Gallery, London, England

2011  Artists with Arario 2011/Part 1, Arario Gallery Seoul cheongdam, Seoul, Korea

         靑-Beyond the Blue, Gallery Hyundai, Seoul, Korea

         The Seoul Art Festival 2011, Seoul Museum of Art, Seoul, Korea

2010  Artist with Arario, Arario Gallery, Cheonan, Korea

2009  Art In Super Star, Hangaram Art Museum, Seoul, Korea

           hinsegae Centum city Grand Opening, Shinsegae Centum city, Busan, Korea

           Korean Eye : Moon Generation, Saatchi Gallery, London, England

2008  Youngeun 2008 Residency, Youngeun Museum of Contemporary Art, Gwangju, Korea

2006  Picture like Photograph, Photograph like Picture, Gallery Zandari, Seoul, Korea

           Draw, Seoul Museum of Art, Seoul, Korea

2005  Face, Youngeum Museum of Contemporary Art, Seoul, Korea

           Father, Gail Art Museum of Contemporary Art, Seoul, Korea

           Memory of Nature, Seoul Museum of Art, Seoul, Korea

 

Main Collections

Jimmy Carter Center, Atlanta

Gwangju Art Museum, Gwangju

The Republic of Korea National Red Cross, Seoul

Pohang University of Science and Technology, Pohang

The Amore Museum, Yongin

Federation of Korean Trade Union, Seoul

Gamsil Olympic Main Stadium, Seoul

Son Ki-Jeong Memorial Foundation

ARARIO Gallerym Cheonan');







INSERT INTO ARTIST_INFO VALUES('KWON Yong Rae','KWON Yong Rae​

​

1989         College of Fine Art, Seoul National University (B.F.A)
1992         Graduate School of Seoul National University (M.F.A)

​

Selected Solo Exhibitions

2018         18th Solo Exhibition (Gallery AG, Seoul)
2016         17th Solo Exhibition (Gallery Kumsan, Seoul)
2011          16th Solo Exhibition (Hotel Lotte Gallery, Seoul)
2006        15th Solo Exhibition (Gallery Simon, Seoul)
                 14th Solo Exhibition (KIAF, Seoul Arts Center, Seoul)
2004        13th Solo Exhibition (Seoul Arts Center, Seoul)
2003        12th Solo Exhibition (Auction Art Center, Seoul)
2002        11th Solo Exhibition (Asian Live Gallery, Seoul)
                 10th Solo Exhibition (Seoul Arts Center, Seoul)
                 9th Solo Exhibition (Sungkok Art Museum, Seoul)

​

Selected Group Exhibitions

2021        Daecheong Ho Museum of Art, Chungju, Korea
2019        PHANTOM CITY, Sehwa Museum of Art, Seoul, Korea

2018        Seoul Art Show, COEX, Seoul
                Art Basel Miami 2018, Miami
                Chicago SOFA 2018, Navy Pier Chicago
                CONFLUENCE, Sylbia Wald & Po Kim gallery, New York
                KIAF, COEX, Seoul
                Art Kaohsiung, Kaohsiung, Taipei
                London Hampstead AAF, London
                Hong Kong AAF, Hong Kong
                Affordable art fair Hampstead 2018, London
                Art New York, New York
                Basel Scope, Basel Swiss
                Palm Beach Art Fair, Palm Beach, CA
                Brussels AAF, Brussels, Swiss
                London Battersea Art Fair, London
                The 36th Korean Galleries Art Fair (COEX Hall D, Seoul)
2017        Museum of Art Seoul National University New Acquisitions Exhibition, Seoul
                The 35th Korean Galleries Art Fair (COEX Hall C, Seoul)
                Forest become Road Exhibition (SNU Scholarship Building, Seoul)
                Art Miami, (Miami)
                Art Aspen (Aspen, U.S.A)
                The First Question (Artbit Gallery, Seoul)
                Asia Contemporary Consortium Exhibition (Sylbia Wald & Po Kim gallery, New York)
                Art Formosa, Songshan Cultural Park (Taipei)

​

Award

1992       Dong-A Art Prize, Dong-A Art Festival
1989       Encouragement Prize Grand-Prix, Exhibition of Jung-Ang Art Festival

                       

 

Collection

Museum of Modern and Contemporary Art, Hoam Art Hall, Samsung Foundation of 
Culture, Hyundai Arts Center Ulsan, Seoul Museum of Art, Hong Kong Kwai Fung Hin Art 
Gallery, China Art Museum of Beijing Fine Art Academy, Art bank');





INSERT INTO ARTIST_INFO VALUES
	 ('WOO Kuk Won','​WOO KUK WON

​

2003  Tokyo Designer Gakuin College, Japan

​

Selected Solo Exhibitions

​

2021               It’s The Hard Knock Life, Gallery BK, Seoul, Korea

2020             JEREMIAH WAS A BULLFROG, LOTTE Gallery Avenuel, Seoul, Korea

2019              Third Time Lucky, Gallery BK, Seoul, Korea​

2018              Querencia, Pyo Gallery, Seoul, Korea

                        ARTPlage, LOTTE Gallery Jamsil, Seoul, Korea

                        ARTPlage, LOTTE Gallery Jamsil, Seoul, Korea       

2017               Keep Breathing, GalleyIT, Tokyo, Japan

                        Redeemed, BK Gallery, Seoul, Korea

2016               Star Man, Salon de H, Seoul, Korea

                        Say Something, Delpino, The Gallery D, Gangwondo, Korea

                        Middle of Nowhere, salon de H, Seoul, Korea

2015               Keep Breathing, salon de H, Seoul, Korea

2014              Woo Kuk Won Solo Exhibition, Lee Eugean Gallery, Seoul, Korea

2012               13 Stories, salon de H, Seoul, Korea

2010              WAKE UP, Gallery Banditrasos, Seoul, Korea

2009             The Rainbow Connection, Insa Art Center, Seoul, Korea

 

Selected Group Exhibitions

​

2021               The Forties: Alluring Moments, Gallery Joeun, Seoul, Korea,

2020              Brave New Gaze: Vision, Gaze, and Start, ATELIER AKI, Seoul, Korea

                         Age of 40s, You were enchanted, Gallery Joeun, Seoul, Korea

                        「Dialogue」, ATELIER AKI, Seoul, Korea

2019               The Forest, Gallery Joeun, Seoul, Korea

2018               Gallery Joeun, Seoul, Korea

                        海 2nd, Gallery Joeun, Seoul, Korea

​

Awards & Residencies

​

​2011                 Col Art Residency, Beijing, China

2010                JoongAng Fine Arts Prize

​

Collections

​

Art Bank, National Museum of Modern and Contemporary Art, Korea

Maeil Dairies Co., Ltd., Seoul, Korea

Seoul National University Museum of Art, Seoul, Korea

Ilshin Spinning Co., Ltd, Seoul, Korea

The Jeonnamilbo, Gwangju, Korea

Kolon Corporation, Gwacheon, Korea

Tsutaya Culture Convenience Club Co.Ltd, Japan

​

우국원 

 

1976 서울 출생

 

학력

​

2003  동경 디자이너 대학 졸업, 일본

 

개인전

 

2021  It''s The Hard Knock Life, 갤러리비케이, 서울

2020  JEREMIAH WAS A BULLFROG, 롯데백화점 에비뉴엘, 서울

2019  Third Time Lucky, 갤러리비케이, 서울

2018  Querencia, 표갤러리, 서울

           ARTPlage, 롯데잠실갤러리, 서울

           ARTPlage, 롯데잠실갤러리, 서울

2017  REDEEMED, 갤러리비케이, 서울(Current)

2017  Star Man_Installation Project, 살롱드에이치, 서울

 

주요 그룹전

​

2021  불혹, 미혹하다 4th (THE FORTIES; ALLURING MOMENTS), 갤러리 조은, 서울

2020  Brave New Gaze: 시각, 시선, 그리고 시작, 아뜰리에 아키, 서울
        불혹, 미혹하다 3rd , 갤러리 조은, 서울
        「Dialogue」展, 아뜰리에 아키, 서울 

2019  숲, 갤러리 조은, 서울

2018  갤러리조은, 서울

        海 2nd, 갤러리 조은, 서울

 

수상 및 레지던시

 

2011  Col Art Residency, 베이징, 중국

2010  중앙미술대전 입선

 

 

작품소장

 

국립현대미술관 미술은행(과천), 전남일보(광주), ㈜코오롱(과천), 일신문화재단(서울),

㈜매일유업(서울), 서울대학교미술관(서울) 외 다수

 

PROJECTS

 

2014   ㈜코오롱 커스텀멜로우 원데이 아츠 페스티벌 vol.2, 플래툰 쿤스트할레, 서울

2014   넥러쉬 코리아 런칭 기념 콜라보레이션, 비이커 플래그쉽 스토어, 서울

2009   ㈜매일유업 레스토랑 부첼라 인테리어

2008   ㈜제일모직 컨플릭티드텐던시 리미티트에디션 콜라보레이션');





INSERT INTO ARTIST_INFO VALUES('LEE Kyojun','Lee Kyojun

​

Selected Solo Exhibitions

 

2022        대구미술과, 대구

                 피비갤러리, 서울
2020        굿스페이스, 대구
                 피비갤러리, 서울
2019        피비갤러리, 서울
2018        갤러리신라, 대구
                 갤러리데이트, 부산
2017        더페이지갤러리, 서울
2015        갤러리신라, 대구

                 봉산문화회관, 대구

2012        리안갤러리, 대구

                 외 다수

​

​

Selected Group Exhibitions

​​

2020         예술과 에너지, 전북도립미술관, 전북
                  PIBI-LINK, 피비갤러리, 서울
2017         오더-디스오더, 탈영역우정국, 서울
                  SCORE: Music for everyone, 대구미술관, 대구

2016         코리아 투모로우, 성곡미술과, 서울

2015         Again 1970''s 대구, S-space, 서울
2013         대구현대미술제, 대구예술발전소, 대구
2012         강변랩소디, 강정, 대구

                  외 다수​

 

 

Collections

 

서울시립미술관

국립현대미술과 (과천)

부산시립미술관

대구미술관

일산방직 (서울)

한국가스공사 (대구)

전북은행

​외 다수');





INSERT INTO ARTIST_INFO VALUES('WON Beom Sik','원 범 식

 

2015                홍익대학교 대학원, 사진학 박사과정 수료, 서울, 한국

2012                UCL대학교-슬래이드 미술대학, M.F.A. 파인아트미디어, 런던, 영국

2008                홍익대학교 대학원, M.F.A. 사진학, 서울, 한국

1998                국민대학교 조형대학, B.F.A. 공예미술학, 서울, 한국

 

개인전

2019                [건축조각 2019], 엘지유플러스 마곡 C 갤러리(트리니티 기획), 서울, 한국

2018                [잔감 殘感 Echo-Image-Sense], 최정아 갤러리, 서울, 한국

2017                [원범식 사진전], 갤러리 칸, 고양, 한국

2016                [풍경 SCENERY], 수호 갤러리, 분당, 한국

2016                [건축조각 2016], 갤러리 이듬, 부산, 한국

2015                [건축조각 2015], 일우 스페이스, 서울, 한국

 

 

2인전

2019                [BRICOLAGE], 비-트리 갤러리, 서울, 한국

2018                [PILE], 리나 갤러리, 서울, 한국

2017                [사진, 조각 2인전], 아인 갤러리, 부산, 한국

2016                [Sharing the Spotlight], 아트스페이스 제이, 성남, 한국

2015                [매직 리얼리즘], 에스 플러스 갤러리, 서울, 부산, 한국

 

 

단체전

2019                [공간기억], 김중업건축박물관, 안양, 한국

2019                [놀이탐색: 숨은 놀이 찾기], 군포책마을(소다미술관 기획), 군포, 한국

2018                [열한개길가다-오대양육대주], 예술의전당 한가람미술관(수호갤러리 기획), 서울, 한국

2018                [더블 아트 크리스마스], 엘지유플러스 마곡 C 갤러리(트리니티 기획), 서울, 한국

2018                [MIRACLE CITY 2], 트리니티갤러리, 서울, 한국

2018                [PHOTO MAY], 홍익대학교 현대미술관, 서울, 한국

2018                [의식주(衣食住) … 예술로 말하다], 아트스페이스제이, 성남, 한국

2018                [일우사진상 수상작가전], 일우스페이스, 서울, 한국

2018                [대구미술관 소장품전 – 수직충동수평충동], 대구미술관, 대구, 한국

2017                [윈도우사이트1], 청주미술창작스튜디오, 청주, 한국

2017                [MIXED LIGHTS], 신세계갤러리, 서울, 한국

2017                [놀이탐색], 소다미술관, 화성, 한국

2017                [MIRACLE CITY], 트리니티갤러리, 서울, 한국



강의

2008-현재, 대학교 강사

 

현재

숙명여자대학교

 

과거

홍익대학교, 서울

국민대학교

대원대학교

상지영서대학교

 

레지던시 프로그램

2014-2015         청주미술창작스튜디오, 청주, 한국

 

수상

2013                출판 수상, 제5회 일우사진상, 일우재단, HATJE CANTZ, 한국, 독일

2013                전시 수상, 제5회 신진작가공모전, 수호갤러리, 한국

2013                The Top 100 Finalists, ART TAKES PARIS, SEE ME, 미국

2013                대상 수상-프로페셔널 꼴라주 카테고리, AMERICAN APERTURE AWARDS, AX3, 미국

2013                대상 수상, 갤러리 룩스 신진작가공모전, 갤러리룩스, 한국

2013                전시 수상, 캔디드 아트 전시공모전, 캔디드 아트, 영국

2012                전시 수상, Now X Here-제5회 한국작가 공모전, 주영한국문화원, 영국

2012                전시 수상, The Salon Art Prize, 매트로버트아트갤러리, 영국

2012                전시 수상, 53 Degrees North Exhibition Award, 더뉴스쿨하우스갤러리, 영국

2012                대상 수상, The AOP Students Awards, 영국

2005                은상 수상, 제40회 동아일보 국제사진 공모전, 한국');





INSERT INTO ARTIST_INFO VALUES('PARK Yoon Kyung','PARK YoonKyung

​

2013               GOLDSMITHS, UNIVERSITY OF LONDON, Master of Fine Art, London, UK

2001               HONGIK UNIVERSITY, Master of Fine Art, Seoul, Korea

1999               HONGIK UNIVERSITY, Bachelor of Fine Arts; Major in Painting, Seoul, Korea

1995               SEOUL ARTS HIGH SCHOOL, Major in Painting, Seoul, Korea

​

Selected Solo Exhibitions

2021               The Attitude that Sustains Our Lives, Soluna Fine Art, Hong Kong

2019               PAINTING TOWER_Soluna Fineart_Hong Kong

2018               The Discovery of a Relationship_63ART Museum_Seoul, Korea              

                         PAINTING X PAINTING_Hanwon Museum_Seoul, Korea

2014               IN BETWEEN_Open Space BAE_Busan, Korea

2013               PAUSE AND REWIND_The Invisible Line Gallery_London, UK

2010               A daily life_Wil Gallery_Seoul, Korea

2006              Color &amp; Object_Project with AVENUEL, AVENUEL_Seoul, Korea       

2005              Banality and Celebration_Noam Gallery, Lexus Gallery_Seoul, Korea

2001               City–Daily Festival_Kwanhoon Gallery_Seoul, Korea

 

Selected Group Exhibitions

2021               UNDEFINED MANUAL: DRAWING VIEW POINT, Yang Pyeong Museum, Korea

2021               Painting and Thereafter_Gallery BK_Seoul, Korea

2017               Report & Recall_Sema Storage_Seoul, Korea

                         Your Hand, My Heart_Gallery Simon_Seoul, Korea

                         EMPATHY_ATELIER AKI_Seoul, Korea

2016               Flexible Place_Hanwon Museum_Seoul, Korea

                         Air Plants/Paniting Theater/As is_Nanji Artshow I,II,VI_Nanji Arthall_Seoul, Korea

2015               PUBLIC & PRIVATE SPHERES_Project 809 Residency_Seoul, Korea

                        Family Dairy-Letter Play_Yangpyung Museum_Yangpyung, Korea

                        SALON DE SEMA_Seoul Museum of Art_Seoul, Korea

2014              KOREA TOMORROW 2014_DDP Design Museum_Seoul, Korea

                        ARRIVAL-UNEXPECTED DIALOGUE_Gallery Simon_Seoul, Korea

2013               The Pool Exhibition&gt; Goldsmiths_London, UK

2007              A Complex&gt; Sung-gok Museum_Seoul, Korea

2006              The Way of Viewing Objects_Seoul Museum of Art_Seoul, Korea              

2005              Cutting Edge_Seoul Auction Space_Seoul, Korea

 

Residency

2016               SEMA NANJI STUDIO 10th ARTIST

​

Supported By

2018-2023   Selected Artist of Soluna Fine Art Gallery, Hong Kong

2015                Selected as a Hyundai Motor Group Brilliant 30 Artists, Seoul, Korea

2002-2006  Working Artist of Golden Acrylic Colors, USA

​

Collections

National Museum of Modern and Contemporary Art., Korea

Seoul Museum of Art, Korea

Woongjinthinkbig, Korea

Hanwha Group 63 Art Museum, Korea');





INSERT INTO ARTIST_INFO VALUES('PARK Jong Kyu','PARK Jong Kyu​

​

B.F.A. Keimyung University Fine Art
Ecole Nationale Superieure des Beaux-Arts de Paris, France
Ecole Nationale Superieure des Beaux-Arts de Paris, poste diplome

​

Selected Solo Exhibitions

2021               Vertical time, Gana Art Nineone, Seoul

                         ~Kreuzen 2021 J. PARK, Joeun Gallery, Seoul

2020              ~Kreuzen 2020 J. PARK, Date Gallery, Busan

2019               ~Kreuzen 2019 J. PARK, Daegu Art Museum, Daegu

                        ~Beacon Code 2019 J. PARK, Gallery Bundo, Daegu

                        ~Beacon Code 2019 J. PARK, Gallery Yangsan, Yangsan

                        ~Beacon Code 2019 J. PARK, Billy Works, Daegu

2018               Trajectory 2018 J. PARK, Date Gallery, Busan

                        Trajectory 2018 J. PARK, Shin Gallery, NewYork

                        Embodiment 2018 J. PARK, Youngeun museum, Gwangju Gyeonggi-do

                        The Armory Show New York section Focus,EMBODIMENT,  New York

2017               Embodiment 2017 J. PARK, Ben Brown Fine arts , Hongkong

                        Embodiment 2017 J. PARK, Indang museum, Daegu

                        Residuals and Errors, Good space, Daegu

                        Art basel hong kong section insight (Maze of onlookers), Hongkong

2016               Maze of onlookers 2016 J. PARK, LEEAHN Gallery, Seoul

2015               ENCODING 2015 J. PARK, Cyan museum of art, Yeongcheon

​

Selected Group Exhibitions

2021              Special exhibition

                      <Dot∙Line∙Plane∙Color-Boundary expansion of Abstract art>

                       Youngeun Museum, Gwangju, Gyung Gido

                      ''The Luster of Styles'' - Park jongkyu, Kim hyeonsik, Seo minjeong

                       Eul gallery, Daegu

                       Pars Pro Toto : Part for the whole, CIANMUSEUM, Yeongcheon

2020             ''Expansion of Korean Traditional Ink'' Seokjae SEO Byeongo

                       Anniversary exhibition, Daegu Arts center, Daegu

                        ''Winter Show'' GanaArtsound, Seoul

                        ''Youngeun acquaintance, Connect memories :ⅠTruthfully''

                        20anniversary Special exhibition, Youngeunmuseum, Gwangju, Gyeonggi-do

                        Jeonnam International Sumuk Biennale 2020

                        Park Seokkyu Museum, Mokpo

2020             KARMA : The artistic spirit that will continue in the future.

                        Celebrating the reopening of the exhibition hall of Daedeok Cultural Center,

                        Daegu, Kim Kyulsoo, Park Jongkyu, Lee Bae and Choi Byungso.

                        TEFAF MAASTRICHT GanaArt,  Maastricht, Netherlands

2019              Since then, Cian Art Museum, Yeongcheon

                        Transcend time, Gallery Grimson, Seoul

2018              Art Basel Hong Kong,Leeahn gallery, Hongkong

                       OMAKASE, Shin Gallery New York, New York

​

Award

2004            Ha Jeung-Ung Young Artists, Gwangju Museumof Art, Gwangju

                       

 

Public Collection

Swiss Re, zurich

National Museum of Contemporary Art, Gwacheon

seoul museum of art ,Seoul

Cyan Museum of Art, Yeongcheon

Daegu Art Museum, Daegu

Gwangju Museum of Modern Art, Gwangju

Indang Museum, Daegu

Youngeun museum, Gwangju. Gyeonggi-do

Kimi Art, Seoul

Samsung Enterprise, Seoul

Daegu City Hall, Daegu

Daegu Bank, Daegu

Daegu Culture & Arts Center, Daegu

Daegu Central Police Station Video Installation Wall, Daegu

');





INSERT INTO ARTIST_INFO VALUES ('PARK Ji Hyun','박지현

 

2002 스쿨오브 비쥬얼아트, 석사과정 졸업 

2002 스코히건 스쿨 오브 페인팅 & 스컬프쳐, 메인 졸업, 미국 

1996 홍익대학교 미술대학원 조소과 졸업 

1994 홍익대학교 미술대학교 조소과 졸업 

 

개인전

2013 박지현 전, 갤러리비케이, 서울

2011 Betwixt, 16번지, 서울

     박지현 전, GYM 프로젝트, 서울 

2010 향시리즈; 무중력, 가나아트 뉴욕, 뉴욕, 미국 

2007 유토피아, 가나아트 센터, 서울 

2006 뉴 커미션, 아트 인 제네럴, 뉴욕, 미국 

2003 말장난, 프로젝트 ’03 아이슬립 아트 뮤지움, 이스트 아이슬립, 미국 

1997 말장난, 덕원 갤러리, 서울 

  

주요 단체전

2011 기억의 미래를 쫓는 사람들, 가나아트센터, 서울

     맨시스 아트나잇, 도쿄, 일본 

2010 화이어 워크, 헌털든 미술관, 뉴저지, 미국

     에코 파티, 롯데갤러리, 서울

     직관, 학고재 갤러리, 서울

     당신과 나의 삶이 이항할 때, 일민미술관, 서울 

2009 메이킹 잇, 도이체 뱅크 갤러리, 뉴욕, 미국 

2008 마이 리틀/ 맴브레인, 널쳐 아트 갤러리, 브룩클린, 뉴욕, 미국

     리얼 일루젼, 가나아트 뉴욕, 뉴욕, 미국

 

수상

2007 뉴욕예술재단 NYFA 펠로우십 수상 

2002 ‘알지라 이머지 2003’ (신진작가 대상 전문가 양성 펠로우십) 수상

      스코히건 펠로우십 수상 

1997 모란미술관 조각공원 전시회 특별상 수상 

1996 국립현대미술관 주관 대한민국예술대전 특별상 수상 ');





INSERT INTO ARTIST_INFO VALUES('PARK Hee Seop','박희섭
 Hee seop Park

​

동국대학교 예술대학 미술학과 졸업
동국대학교 대학원 미술학과 졸업


개인전

2016 가나아트 언타이틀드, 서울
2015 회의전람중심, 홍콩, 중국
          L갤러리, 베이징, 중국
2013 아트미아, 베이징, 중국
2012 스페이스 캔 베이징, 베이징, 중국
2011 동산방 화랑, 서울
2009 갤러리 아트싸이드 베이징, 베이징, 중국
2007 고양미술창작스튜디오, 고양
          갤러리 빌, 서울
          동산방 화랑, 서울
2006 금호 미술관, 서울
2004 갤러리 도올, 서울
2002 갤러리 사간, 서울
2001 덕원 갤러리, 서울


주요 단체전

2017 오마주, 가나아트파크, 서울
         코리안즈 스피릿, 아트베라스갤러리, 제네바, 스위스
2016 독일무이, 홍원창의생활공간, 베이징, 중국
          코리아 투모로우, 성곡미술관, 서울
          아트 칭다오, 칭다오 당대예술문헌중심, 칭다오, 중국
2015 아트 베이징, 전국농업전람관, 베이징, 중국
          TOUCHING MOMENTS IN MACAU, 가나인사아트센터, 서울
          CIGE, 국가회의중심, 베이징, 중국
2013 아트 베이징, 전국농업전람관, 베이징, 중국
         보아오 포럼, 예.경 당대예술전, 보아오포럼특별전시장, 하이난, 중국
         Can Can CHINA! 스페이스캔 베이징, 베이징, 중국
2012 TIME SPECTRUM-시간의 깊이를 담는다, 63스카이아트미술관, 서울
2011 아트 두바이, 마디나쥬메이라, 두바이, 아랍에미레이트
         No. 45 KumHo Young Artist, 금호미술관, 서울
2010 대구 아트페어, 엑스코, 대구
         아트 광주, 케이디제이컨벤션센터, 광주
         CIGE, 베이징국제무역센터, 베이징, 중국
         감각이동, 베이징주재한국문화원, 베이징, 중국

​');





INSERT INTO ARTIST_INFO VALUES('BACK Seung Woo','백 승 우

 

학력

2005    미들섹스 대학교 Fine Art and Theory 석사 졸업, 런던

2002    중앙대학교 대학원 사진학과 졸업, 서울

2000    중앙대학교 예술대학 사진학과 졸업, 서울

 

주요 개인전

2018    Volatile Judgement, Chiten, 교토

2017    I''m a Picture-Grapher: 이 시대의 사진에 대하여, POST, 도쿄

2016    2016 올해의 작가상, 국립현대미술관 서울관, 서울

2015    크로스 밴쿠버, 크로스 게이즈, 2014-2016 밴쿠버 비엔날레, 밴쿠버

             Walking on the line, 센터 에이, 밴쿠버 

             Photographs 2001-2015 by Seung Woo Back, 고은사진미술관, 부산 

2012    틈, 실현 불가능한 일반화, 가나아트센터, 서울 

             Memento, 두산갤러리 뉴욕, 뉴욕 

2011    판단의 보류, 아트선재센터, 서울 

             Blow Up, 미사신 갤러리, 도쿄 

2010    일우사진상 수상전: Utopia, Blow up, 일우스페이스, 서울 

2009    Revised Ideals, 가나아트 뉴욕, 뉴욕 

2007    Real World, 인사아트센터, 서울 

             Real World, 포일 갤러리, 도쿄 

2006    Blow up, 가나보브루 갤러리, 파리 

주요 단체전

2018    

광주 비엔날레 상상된 경계들 - Imagined Borders, 구 전남도청, 광주 (Upcoming)

타이페이 국제 사진전 2018, Zhongzheng 아트 갤러리, 타이페이 (Upcoming)

포토상하이 2018 Special Exhibition, Shanghai Exhibition Center, 상하이 (Upcoming)

버리지 못하는 것들에 대하여, 서울대학교미술관, 서울

Real DMZ project, Mezzain Gallery, 노팅햄 

일우(一宇)사진상 수상작가전 2009-2016, 일우스페이스, 서울

Exit From Paradise, 서머셋하우스, 런던

 

2017   

경계 155 BORDER 155, 서울시립미술관, 서울

포스트모던 리얼, 서울대학교미술관, 서울

Le Mois de la Photo à Montréal 2017, Momenta Biennale, 몬트리올 

매체연구: 긴장과 이완, 대구미술관, 대구

소장품특별전: 균열, 국립현대미술관 과천관, 서울

낭만도시: 모더니즘 이후 미적비평의 공간, 인사이드-아웃 아트 미술관, 베이징

Real DMZ project – TIMESHARE, 아루스 미술관, 아루스, 덴마크

용적률게임 - 베니스 건축 비엔날레 귀국전, 아르코 미술관, 서울

 

2016    

서울 포커스, 서울미술관, 서울

사진-다섯 개의 방, 두산갤러리, 서울

용적률게임, 베니스 건축 비엔날레 한국관, 베니스

아주 공적인 아주 사적인: 1989년 이후, 한국현대미술과 사진, 국립현대미술관 서울관, 서울

 
수상 및 프로젝트

2016    올해의 작가상, 국립현대미술관, 서울

2009    Prix Pictec 2009, 후보선정, 영국 & 스위스

             제1회 일우사진상, 서울

2008    Discovery Show, 포토페스트, 휴스턴

             KLM Paul Huf Award nominated, Foam Fotografiemuseum, 암스테르담

             Leopold Godowsky, Jr. Color Photography Awards Honorable Mention, 보스턴사진연구센터, 보스턴

             This Photo is Great, 2008 아사히 신문, 일본

2006    Six Shooting Stars: BJP, 런던

2005    One of Best Portfolio; 브라스티라바 포토 페스티발, 브라스티라바, 슬로바키아
 

작품 소장처

가나문화재단, 서울

국립현대미술관, 과천

금호미술관, 서울

넥슨 코리아 컬렉션, 서울

뉴 사우스웨일즈 갤러리, 시드니

대구미술관, 대구

두산 연강문화재단, 서울

매일 유업 컬렉션, 서울

산타 바바라 미술관, 산타 바바라

샌프란시스코 현대미술관, 샌프란시스코

서울시립미술관, 서울

스미스 대학 미술관, 메사추세츠

아트선재센터, 서울

일우문화재단, 서울

포트폴리오 파운데이션, 에든버러

하나 은행 컬렉션, 서울');





INSERT INTO ARTIST_INFO VALUES('KIM Tschoonsu','Kim Tschoonsu​

​

Selected Solo Exhibitions

​

2019            갤러리신라, 대구, 한국
2016            더페이지갤러리, 서울, 한국
2015            갤러리데이트, 부산, 한국
                    GalerieSon, 베를린,독일
2011            갤러리누오보, 대구, 한국
2010            갤러리이배, 부산, 한국
2009            아트포럼뉴게이트, 서울, 한국
                    GalerieSon, 베를린, 독일
2008           선갤러리, 서울, 한국外다수

​

​

Selected Group Exhibitions

​​

​

2019          A Narrative Korean Art, 크리스티홍콩, 홍콩
                   동경아트페어, Tokyo International Forum Hall, 동경, 일본
2018          한국의후기단색화, 리안갤러리, 서울, 한국
                   안성아트홀개관기념전, 안성아트홀, 안성, 한국
                   추상그리고개념, 대전시립미술관, 대전, 한국
                   SIAE 2018, Coex, 서울, 한국
                   한국의후기단색화, 리안갤러리, 대구, 한국
                   Villa D’ArtFestival 2018, 예술의전당한가람미술관, 서울, 한국

2017          한국미술의산책II 단색화, 뮤지엄산, 원주, 한국
                   별너머, 파비욘드갤러리, 서울, 한국
                   숲이길이되다, 베리타스홀, 서울, 한국
                   임의의지점, 아트비트갤러리, 서울, 한국
                   대구아트페어, 대구아트페어전시장, 대구, 한국
                   서울아트쇼, Coex, 서울, 한국
2016          무의식과흔적, 기당미술관, 서귀포, 한국
                  한국의단색화-靜부산화랑미술제, Bexco, 부산外다수

​

Awards
 

1993 제3회토탈미술대상
​

Collections

 

서울대학교병원
LA ArtcoreCenter
삼성미술관
선재현대미술관
한솔문화재단

토탈미술관
성곡미술관
국립현대미술관
서울시립미술관
포스코센터
이건창호
대한투자신탁

');





INSERT INTO ARTIST_INFO VALUES ('BYUN Jae Hee','변 재 희

 

홍익대학교 미술대학 서양화과 및 동대학원 졸업
홍익대학교 대학원 회화전공 박사과정 재학
THE ART STUDENTS LEAGUE OF NEW YORK
FULL FELLOWSHIP, VERMONT STUDIO CENTER

 

개인전
2012 갤러리 bk, 서울
2009 갤러리 H, 서울
2008 주갤러리, 서울
2007 로즈갤러리, 서울
      스도미술관, 동경
2006 갤러리 도스, 서울
      공산화랑, 대구
2005 홍익대학교 현대미술관, 서울
      kate''s Kitchen, 서울
2004 SFAF, 예술의 전당, 서울
2003 갤러리 조, 서울
2001 갤러리 조, 서울
      Gallery Charang, 로스앤젤레스
1999 종로갤러리, 서울
1998 조흥갤러리, 서울
1996 청담미술제, 가산화랑, 서울
      인사갤러리, 서울
1992 청남미술관, 서울

 

단체전
2009 SMALL WONDERS 인사갤러리, 서울
2008 겨울 왈츠전, N갤러리, 서울
2007 KIAF, COEX, 서울
      롯데 아트 쇼핑전, 롯데 백화점, 대구
      현대의 시선, 대구문화예술회관, 대구
2006 청출어람전, 충무갤러리, 서울
      경인교육대학교 교수작품전, 인천
2005 “매직”전, 충무갤러리, 서울
2003 ART SEOUL, 예술의 전당, 서울
      화랑미술제, 예술의전당, 서울

2002 동화(童畵), 동화(童話)전, 인사갤러리, 서울
      다면전, 모로갤러리, 서울
      달콤한 꿈으로의 초대, 갤러리 조, 서울
1999 아! 대한민국, 갤러리 상, 서울
1998 미술세계대상전, 세종문화회관, 서울
      KOREAN CONTEMPORARY ART IN NEW YORK
      ART EXCHANGE GALLERY, 뉴욕
1997 농심마니 22인전, 인데코화랑, 서울
      S.A.S전, 백악예원, 서울
      선, 색, 면 전, 코스모스갤러리, 서울
      조망과 도약전, 은하갤러리, 서울
      갤러리 상 입상작전, 갤러리 상, 서울
1996 해외동포작가 미술세계 초대전, 세종문화회관, 서울
      인간, 자연전, 운현궁미술관, 서울
      청년작가 표현전, 조형갤러리, 서울
      Z.I.A.V전, 단성갤러리, 서울
1995 한국현대미술작가전, 국제화랑, 몬트리올
      스완갤러리 개관전, 스완갤러리 뉴욕
      정선아라리 회화제, 정선문화예술회관, 정선
1994 중간지대/문화의 수리공전, 인사갤러리, 서울
      21세기를 향한 한국미술의 단면전, 노호갤러리, 뉴욕
      월간 미술시장 창간 기념전, 덕원갤러리, 서울
1993 VISAVIS전, 단성갤러리, 서울
      ARTPIA전, 후인갤러리, 서울
      주목작가전, 덕원미술관, 서울
      한국현대회화-신세대전, 칼 스트로블 갤러리, 비엔나
      MBC 미술대전, 예술의전당, 서울
      16회 중앙미술대전, 호암갤러리, 서울
      신미술대전, 디자인포장센터, 서울
      오늘의 한국미술대상전, 경인미술관, 서울
      현대회화 1993, 백상미술관, 서울
      20인의 RECENT REPORT전, 서경, 대아 갤러리, 서울
1992 KEY전, 인데코갤러리, 서울
      뉴폼 92전, 윤갤러리, 서울
      18회 서울현대미술제, 문예진흥원 미술회관, 서울
1991 4회 ‘EX-PRINT''전, 바탕골미술관, 서울
      예술성 - 그현장, 도올갤러리. 서울
      태동전, 관훈미술관, 서울
      STEP전, 수화랑, 서울
      시각의 모임전, 삼정미술관, 서울
1990 16회 INDEPENDANTS전, 국립현대미술관, 과천
      3회 EX-PRINT전, 바탕골미술관, 서울
      16회 서울현대미술제, 문예진흥원미술회관, 서울
1989 15회 INDEPENDANTS전, 국립현대미술관, 과천
      2회 EX-PRINT전, 바탕골미술관, 서울

 

수상
16회 중앙미술대전
MBC미술대전
신미술대전
미술세계대상전');





INSERT INTO ARTIST_INFO VALUES
	 ('SUH Yongsun','Suh Yongsun

​

Selected Solo Exhibitions

 

2021          서용선의 마고이야기, 우리안의여신을찾아서: 서울여성역사문화공간여담재, 서울
                   서용선의 자화상: 하이갤러리, 부산
                   마고, 그 신화: JNO 갤러리, 서울
                   만첩산중서용선회화. 여주미술관, 여주
                   서용선의 생각, 가루개프로젝트: 갤러리JJ, 서울
2020          직관적 사유로서의 선_서용선 종이그림: 올미아트스페이스, 서울
                   고구려, 산수_ 서용선: 갤러리이마주, 서울
2019           서용선의 머리_갈등: 갤러리JJ, 서울

                    통증, 징후, 증세_ 서용선의 역사 그리기: 아트센터화이트블럭, 파주
                    서용선, 속도의 도시: Niche Gallery, 도쿄, 일본
                    서용선, 산을 넘은 시간들: 누크갤러리, 서울
                    Suh Yongsun, Utopia’s delay The Painter and The Metropolis:
                    Mizuma, Kips & Wada Art, 뉴욕, 미국
2018           서용선의 자화상_ Reflection: 갤러리JJ, 서울
                    도시를 향한 현상학적 시선: 신라갤러리, 대구
                   Suh Yongsun: City and History of Landscape: MK Gallery, 비엔나(VA), 미국
2017           My Place: Gallery Fukuzumi, 오사카, 일본
                    Suh Yongsun, 37 rue de Montreuil Paris / 222 main Street New Jersey:
                   GalerieLa Ville A des Arts, 파리, 프랑스
                   Suh Yongsun, Crossing Worlds: Art Mora Gallery, 뉴욕(NY), 미국
2016          色과空–서용선: 김종영미술관, 서울
                   서용선의인 왕산: 누크갤러리, 서울

                   확장하는선-서용선드로잉, 2016아르코미술관 대표작가전: 아르코미술관, 서울

                   외 다수

​

​

Selected Group Exhibitions

​​

2021          여수국제미술제: 흐르는것은멈추길거부한다: 엑스포컨벤션센터전시홀, 여수
                   전방(前方), 20인의예술가가전하는한반도평화이야기: 오두산통일전망대기획전                     시실, 파주
                   약속의 땅: 더그레이트컬렉션, 서울
                   시대와개성: 해든뮤지움, 인천
                   한국· 스페인 특별전-마주하는풍경, 일상의시선: 소마미술관, 서울
                   리좀이화엄을만날때, 신자연주의: 전북도립미술관, 완주
2020          ㄱ의순간: 예술의전당서울서예박물관, 서울
                  열장의이야기와 다섯편의시, 부산비엔날레: 부산현대미술관외, 부산
                  남북한특별전시회: 오두산통일전망대, 파주
                  이른봄나들이-예술가의집: 여주미술관, 여주
                  전망-자연, 바다, 독도그리고화가의눈: 이천시립월전미술관, 이천
                  회화의수사학: 뮤지엄산, 원주

                  새로운시의시대: 경남도립미술관, 창원
                  Suh Yongsun& Kathleen J Graves, MK Gallery: 비엔나(VA), 미국
                  진달래꽃피고지고: 전북도립미술관, 완주
                  외 다수

​

Awards
 

2014        제26회이중섭미술상
2009        국립현대미술관올해의작가상
1984        제7회중앙미술대전특선
1978        제1회중앙미술대전특선​

 

Collections

 

국립현대미술관
수원시립미술관
서울시립미술관
부산시립미술관
대구미술관
서울대학교미술관
고려대학교박물관
OCI 미술관
인천아트플래폼미술관
');





INSERT INTO ARTIST_INFO VALUES ('SOHN Jin Ah','
손진아

  

학력

 

2006   뉴욕 주립대학교 대학원 조소전공 MFA.

1995   뉴욕 주립대학교 대학원 회화전공 MFA.

1992   홍익대학교 대학원 미술교육과 졸업 MAE.

1990   숙명 여자 대학교 미술대학 회화과 졸업 BFA.

 

개인전

 

2017   갤러리 비케이

2016   갤러리 휴, 싱가폴, 싱가폴

2015   갤러리 LIG 아트스페이스

2014   갤러리 미고, 부산

2013   갤러리 포스, 베이징798, 베이징, 중국

2011   313 아트 프로젝트

2009   매드 아트 디자인 뮤지엄 만다린, 싱가폴

        갤러리아트사이드

2007   갤러리아트사이드

2006   사무엘도르스키뮤지엄, 뉴욕주립대학, 뉴욕, USA

2004   갤러리아트사이드

2003   포스코미술관

2002   갤러리아트사이드

        성곡미술관

2001   이목화랑

        갤러리아트사이드

        갤러리 고찌마찌, 도쿄, 일본

        갤러리 사오도모스, 도쿄, 일본

1998   갤러리 메이

        인터컨티넨탈 호텔

1996   갤러리 시우터

1995   조성희 화랑

        The College Art Gallery, 뉴욕, USA

1992   윤갤러리

1991   나우갤러리

 

그룹전

 

2016   Ccontext art Miami, Art Miami, USA

        아트경기 스타트업, 경기창조경제 혁신센터, 판교

        교감, 현대백화점, 판교

        아트 스테이지 싱가폴, 싱가폴

2015   After 10 years, 갤러리 마노

        G Seoul 아트페어

2014   아트아시아상하이, 롱뮤지움, 상하이, 중국

        Identity, 포스갤러리, 베이징, 중국

        신지앙 비엔날레, 신지앙 국제회의중심, 신지앙, 중국

        부산아트쇼, 벡스코, 부산

        East Bridge 란쩌우, 란쩌우 회의중심, 란쩌우, 중국

        아트베이징, 농업전람관, 베이징, 중국

        Crashing world, 송좡 미술관, 베이징, 중국

        17th 베이징 아트페어, 농업전람관, 베이징, 중국

2013   현,현, LIG 아트스페이스

        아트 스테이지 싱가폴, 싱가폴

        아트 심천, 심천 회의중심, 심천, 중국

        FORCE 레지던시 작가전, 포스갤러리, 베이징, 중국

        행복을 위하여, 하문 미술관, 하문, 중국

        Joy palace 개관전, Joy palace, 베이징, 중국

2012   아트베이징, 농업전람관, 베이징, 중국

        KIAF, 코엑스

        김찬일, 손진아2인전 갤러리 White Block, 헤이리

        Art Beijing, 베이징, 중국

        Art Edition, 코엑스

        20x20cm, 갤러리 마노

2011   KIAF, 코엑스

        Elephant parade, 싱가폴, 싱가폴

        Asia top gallery in Hotel, Hyatt Hotel

        Korean art show 2011, 뉴욕, USA

2010   홍콩국제아트페어, 홍콩

        KIAF, 코엑스

        Asia top gallery in Hotel, Shilla Hotel

        색(SAIC)-욕망에서 숭고까지, 홍익대학교 미술관

        매체와 상상력, 이화여자대학교 미술관

        선화랑 33주년 기념전, 선화랑

        수상한 집으로의 초대, 서울시립미술관 남서울분관

        Art in the City, Fullerton hotel, 싱가폴
       그 외 120여회 이상의 그룹전에 참여

 

작품소장처

 

국립현대미술관, 서울시립미술관, 포스코, UBS, Hotel LKF by Rhombus(중국), Hotel Mandarin Taipei(대만)
, St,REGIS Hote(중국), Novotel Ambassador(부산), 메리츠 증권 여의도, 메리어트호텔 여의도 파크센터,
 제주 하얏트호텔, 워커힐호텔, 쉐라톤호텔, Imperial Palace Hotel(필리핀), 포천 아트밸리, 아셈, 외교통상부,
 한국투자증권, CJ상암, 신한은행, 하나은행 외 다수');





INSERT INTO ARTIST_INFO VALUES('SONG Eun Young','
송 은 영

 

 

 

학력

1999 프랑스 빵떼옹-소르본느 빠리 1대학 조형예술학과 대학원 졸업.

1997 프랑스 빵떼옹-소르본느 빠리 1대학 조형예술학과 대학 졸업.

1996 프랑스 베르사이유 미술학교 조형예술 (사진, 회화) 전공.

1994 세종대학교 회화과 졸업.

 

개인전

2017 송은영 14회 개인전 예정, 갤러리 BK, 서울

2017 [침범하는 풍경], 필름포럼 갤러리, 서울

2016 [Real‧lusion 리얼루전], 리각미술관, 천안

2016 [두 개의 중력], 비컷갤러리, 서울

2015 [기울어지는], 카이스 갤러리, 서울

2013 [나뉘지 않는 공간], 갤러리 일호, 서울(MBN, ''아름다운 TV갤러리'' 초대)

2010 [침범하는], 갤러리 선 컨템포러리, 서울

2007 [침범하는 방], 윈도우갤러리-갤러리 현대, 서울

2005 [장님의 기억], 관훈 갤러리 공모전, 서울

2005 [Dimension Make-up], 갤러리 드맹 공모전, 서울

2004 [따라잡기/끼어들기], 아티누스 갤러리, 서울

2002 [다른 곳과의 경계에서], 동호갤러리, 서울

2001 [유일한 껍데기], 동호갤러리, 서울

1999 [불확정적 자화상], 국제 예술공간 아드작 미술관, 빠리, 프랑스

 

단체전

2017 Art Santa Fe, Santa Fe Convention Center, USA

[예술로 藝述路], 아트스페이스 호서, 서울

[100 Albums 100 Artists], 에비뉴엘 아트홀, 서울

2016 [가을이야기], 벽과나사이 갤러리, 서울

[還_Circular], Fairleigh Dickinson University University College Art Gallery, NJ, USA

[찰나(刹那) Slice of Life](3인전), 아뜰리에 아키, 서울

[자화자찬], B.Cut Gallery, 서울

2015 [The One, 그들 각자의 공간], 광주비엔날레 전시관 5관, 광주

[점화_Lighting], 마노핀 갤러리, 서울

[Salon de SeMA], 서울시립미술관 본관, 서울

[블루칩 멤버스], 한경갤러리, 서울

[신소장품전], 제주현대미술관, 제주

2014 [아이드림(I Dream)], 에비뉴엘아트홀, 서울

[이야기하는 사물, 이야기하는 공간], 광주 신세계 갤러리, 광주

[이야기하는 사물, 이야기하는 공간], 부산 신세계 갤러리, 부산

[Paintian]-아름다운 TV갤러리, 아라아트센터, 서울

[I Know the Place], Globe Lounge, 서울


레지던시 프로그램

2002 국립현대미술관 창동창작스튜디오 1기 입주 작가

 

아트페어

KIAF (2002~2017)

화랑미술제 (2001~2002, 2007~2017)

SOAF(2006~2008, 2010~2011) / Art Busan(2017)

대전국제아트쇼(2013) / Doors Art Fair(2012) / Seoul Art Salon(2009)

 

수상, 지원 및 소장

2015 국립현대미술관 미술은행 2회 작품소장

2014 서울시립미술관 작품소장

2013 제주현대미술관 작품소장

2011 서울시립미술관 작품소장

2010 국립현대미술관 미술은행 작품소장');





INSERT INTO ARTIST_INFO VALUES('LEE Gil Rae','이 길 래

 

경희대학교 및 同 대학원 미술학과, 조소전공 졸업

 

개인전

2020   제11회 개인전, 오페라갤러리, 서울
2017    제10회 개인전, 오페라갤러리, 뉴욕
2015    제 9회 개인전, 겸재정선미술관, 서울
2012    제 8회 개인전, 갤러리bk, 서울
2010    제 7회 개인전, 사비나미술관, 예술의전당광장, 서울
2008   제 6회 개인전, 사비나미술관, 서울
2007   제 5회 개인전, 아트스페이스 카메라타, 파주 헤이리
              한국현대미술제, 예술의전당 한가람미술관
2003   제 4회 개인전, 박영덕화랑, 서울
2001    제 3회 개인전, 박영덕화랑, 서울
1997    제 2회 개인전, 금호미술관, 서울
1991     제 1회 개인전, 예향갤러리, 서울

 

단체전

2021  예울마루야외조각전,GS칼텍스예울마루,여수장도
            한강 흥 프로젝트조각전, 한강공원반포지구,서울
            한국 화랑미술제, 코엑스홀, 서울
2020 뜻밖의발견-세렌디피티전.사비나미술관, 한국서울
           이른봄나들이-예술가의작업실.여주미술관,경기여주
           SCULPTURES. 오페라갤러리, 아랍에미리트 두바이
          영감의원천-한국전통문화에서찾은최초의아이디어전,와지엔키왕궁박물관, 폴란드
2019 Gate Avenue. 오페라갤러리. 아랍에미리트두바이
          Asian Art. 오페라갤러리. 미국뉴욕
          The Monaco Masyers Show 오페라갤러리 모나코
          조각_ 조각전, 소마미술관, 한국서울
          영감의 원천, 캐나다 한국문화원,갤러리101,캐나다오타와
          시작의 힘, 강동아트센터 아트랑, 한국서울
2018 From Nature to Culture, 오페라갤러리 프랑스파리
          현대용접조각전 불로-장생. 성남큐브미술관 경기성남
          경기아카이브 지금. 경기상상캠퍼스 경기수원
          One Inspriation. 주일한국문화원 갤러라MI 일본
          Made in Asin, 오페라갤러리 뉴욕
          Transcending Matter, 오페라갤러리 홍콩
          The Daily Look From Art, 오페라갤러리 싱가폴

          The Art of Matter, 오페라갤러리 모나코
          Korean Contemporary, 오페라갤러리 서울
          부산국제아트페어, 백스코 부산
          한중일 삼국미감전, 삼탄마인 현대미술관 강원정선
          AA 프로젝트, 사비나미술관, 한국서울
          Art Terms 개관전, 갤러리bk, 한국서울

2017 Shadow of a Pine Tree, 오페라갤러리 싱가폴
          Inauguration of Beirut Art Week 5th edition, 오페라갤러리 베이루트
          마이애미 아트페어, 비치컨벤션센터 미국마이애미
          Lights & Shadows, 오페라갤러리 베이루트


수 상
2015    한국미술평론가협회 작가상수상

1995    제1회 중앙비엔날레 특선, 중앙일보사
1990    동아미술제 동아미술상, 국립현대미술관
1989    제8회 대한민국미술대전 특선, 국립현대미술관
1988    제11회 중앙미술대상전 장려상, 호암갤러리
1987    제5회 청년미술대상전 특선, 청년미술관

 

작품 소장
과천 국립현대미술관, 서울시립미술관, 사비나미술관, 삼성문화재단, CJ문화재단, 대구 보건대학, 서울
지방검찰청 대학로 푸른쉼터 기념 조형물, 안성 만세공원, 영동 조각공원, 진해 장복산 조각공원, 부천 벚
꽃동산 공원, 서울 구의동 한진해모로, 서울 남영동 한진중공업 사옥, 서울 메리어트 호텔, 가평군 대성리
에코피아 상징물, 대구 반월당 중앙분리대, 문경 STX리조트, 포항 벨류 플러스, 서울 플라자호텔, 한화 갤
러리아포레, 포항시립미술관,싱가폴카프리호텔, 남포미술관 ');





INSERT INTO ARTIST_INFO VALUES('LEE Sang Yong','이상용

 

1970   충남 공주생

 

개인전

 

2017   Song of Fate, 갤러리비케이

2013   Inscribed Memories, Waterfall Gallery, 뉴욕, USA

       Fate, 서울국제금융센터 IFC

2012   Fate, JJ중정갤러리

       Fate, Kips Gallery, 뉴욕, USA

2011   삶의 노래, 갤러리 숲

2010   Song of Wind, Maum Gallery, 뉴욕, USA

2009   The Flight, Tenri Gallery, 뉴욕, USA

2007   The Way, 정부종합청사 열린미술관

       The Sky, 갤러리 호

2005   한국청년작가 초대개인전, 단원미술관, 안산, 한국

2003   Song of life, 관훈 갤러리

 

그룹전

 

2017   Artful Living, West Village Printing House, 뉴욕, USA

2016   Out of Worldly, 베스트베억, 함브르크, 독일

       OLD&NEW-현대 작가 간송을 기리다, 간송 미술관

       OUT+STANDING 코리아투머로우 2016, 성곡 미술관

       풍류남도 아트 프로젝트-화첩펼쳐보기 드로잉전, 행촌미술관, 해남, 한국

       Wild Drawing, LIG 아트스페이스

       DUO ART SHOW 이상용, 이안 2인전, SIA Gallery, 뉴욕, USA

       풍류남도 아트 프로젝트-천년의 시간이 머무는곳, 행촌 미술관, 일지암, 해남, 한국

2015   Contemporary Fermented Souls, Waterfall Gallery, 뉴욕, USA

       THE ARTIST, SIA Gallery, 뉴욕, USA

2014   FEEL LIFE SUMMER ART FESTIVAL, Waterfall Gallery, 뉴욕, USA

       THE ARTIST, SIA Gallery, 뉴욕, USA

       Hypoxis Aurea Exhibition, Kuk 갤러리, 대구, 한국

       창원 아시아 국제 미술제-놀이의 공간-찰나, 성산아트홀, 창원, 한국

       Jersey City Invitational Exhibition And 7th Youth Art Contest, Jersey cityhall, 뉴저지, USA

2013   MATERIAL WORLD, Anthony Brunelli Gallery, 뉴욕, USA

       Chelsea Art Center Collection Exhibition, 부산, 한국

       Group Exhibition, Waterfall Gallery, 뉴욕, USA

2012   품다, 갤러리 버튼

       새로운 모색, JJ갤러리

       Beautiful Dream World 35, Maum Gallery, 뉴욕, USA

       Love, trace-history of life, Maum Gallery, 뉴욕, USA

2011 Group Exhibition, Maum Galley, 뉴욕, USA

       Red dot Miami, 마이애미, USA

       JJ중정갤러리 그룹전

       Red Dot New York, 뉴욕, USA

       HARMONY: the More, the Better, Maum Gallery, 뉴욕, USA

       백년몽원, 난지 창작스튜디오

       Art Of Life, 가가 갤러리

       Group Exhibition, Gallery Art@Renaissance, 부르클린, USA

2010   Group Exhibition, Space World, 뉴욕, USA

       Conscious behind unconscious, 뉴욕한국문화원, 뉴욕, USA

       미국 FBI 프로젝트 그룹전, FBI Building, 뉴왁, USA

       미국 DHS 국토보안부 프로젝트 그룹전, 뉴왁, USA

       Open group exhibition, Maum Gallery, 뉴욕, USA

       Tears from survivors, FGS, 뉴져지, 미국

2009   Group Exhibition, Space world, 뉴욕, USA

       Composition of Essential Nature, JUN Gallery, 뉴욕, USA

2008   Barack Obama Art Show By Korean Artist-Chelsea, Rogue Space Gallery, 뉴욕, USA

2007   Flanders Expo, 브뤼쉘, 벨기에

 

작품소장

 

Pennsylvania university hospital(필라델피아, USA), Biederman Museum(Germany), 코오롱 그룹, 
Haines Gallery(샌프란시스코, USA), Azadehshladovsky Inc.(USA), Oppenheim Architecture(마이애미, USA),
 Korea Cultural Service(뉴욕, USA), Tongin Express(뉴져지, USA), Takami Brldal, Inc.(일본)

외 다수

​');





INSERT INTO ARTIST_INFO VALUES('LEE Ye Leen','이 예 린

 

2011 연세대학교 커뮤니케이션대학원 영상예술학 박사과정 수료
2008 뉴욕시립대학교 헌터컬리지 미술대학원 순수미술 졸업
2003 한국예술종합학교 미술원 조형예술과 졸업
1998 서울예술고등학교 서양화과 졸업

 

주요 개인전
2011 이예린: 아뜰리에2011, 롯데백화점 후원, 롯데갤러리, 일산
2010 이예린 개인전: Linger, 갤러리 175, 한국예술종합학교 조형연구소 후원, 서울
2009 BELT2009: 이예린, 한국판화사진진흥협회/한국문화예술위원회 후원, 카이스갤러리, 서울
       Yeleen Lee 초대전, Space355/동경금산갤러리, 동경, 일본
2007 Ye Leen Lee-New Work, 맨하탄 오픈센터 갤러리, 세계문화오픈(WCO) 후원, 뉴욕, 미국

 

주요 기획단체전
2011 국립현대미술관 창작스튜디오/금호미술관 공동기획: 프로포즈7 vol.6, 금호미술관, 서울
       서울시립미술관 소장품기획전: 도시를 스케치하다, 서울시립미술관, 서울   
       2인전-the Hidden Landscape, 갤러리포월스, 서울
       교토 아트페어, 몬테레이호텔, 교토, 일본 
       INTRO, 국립현대미술관 창동미술창작스튜디오 갤러리, 서울
       송은미술대상전, 송은아트스페이스, 서울
2010 Click, 낸시 호프만 갤러리, 뉴욕
       Pop-up Beginnings, 미라벡그린 갤러리, 뉴욕
       한-아세안 Emerging Wave, 예술의 전당 한가람 미술관, 서울
       Korean Art Show, 라 베뉴, 뉴욕
       DECENTERED, 한국문화예술진흥원 아르코미술관, 서울 / 광주시립미술관, 광주 / 부산시립미술관, 부산
2009 ART ASIA Miami 09, Wynwood 컨벤션 센터, 마이애미, 미국
       파리포토, 카루셀 루브르, 파리, 프랑스
       비지올로기 VIGIOLOGY 2009: 단채널 도시, 시네마 상상마당, 서울
       에코를 찾아서, 갤러리 잔다리, 서울
       판타즈마고리아, ICAM 이영 미술관, 경기도
2008 Hopes, 첼시 로그 스페이스, 뉴욕
       Essence of Absence, 뉴욕한국문화원 갤러리 코리아, 뉴욕
       Night of 1000 Drawings, Artists Space 갤러리, 뉴욕 
       Urban City, 윌리암스버그 몽키타운 스페이스, 뉴욕
2007 우드스턱 비엔날레, 크라이널트 제임스 아트센터, 뉴욕
       우리사이의 어떤 거리감, 세이프티갤러리, 뉴욕
       TechArt III, 반크로프트 갤러리, 매사츄세츠
       After Hours: 브룩클린예술위원회(BAC) 수상전, 브룩클린 뮤지움, 뉴욕
2006 Anything Goes, 독립예술가조직회 갤러리 402, 뉴욕
       프랫-헌터컬리지 공동 전시회, 스터번 사우스 갤러리, 브룩클린, 뉴욕
2005 플라야바다-박이소 유작 추모 참여전, UCI대학 갤러리, 캘리포니아 / 로댕갤러리, 서울  
2004 the Stage: 상상 릴레이 클럽, 광주비엔날레, 광주

 

주요 수상
2010 일현 트래블 그랜트 상, 을지재단 일현미술관, 서울 
2008 소머빌 예술 졸업상, 뉴욕시립대학교 헌터컬리지, 뉴욕
2007 윌리엄 그래프 여행 작업 지원 장학상, 뉴욕시립대학교 헌터컬리지, 뉴욕
       최우수 실험영화상, 브룩클린 예술위원회(BAC), 뉴욕
2002 창작지원 장학상 (교내 최우수 개인전 상), 한국예술종합학교, 서울, 한국
1999 수석입학 전액장학상, 한국예술종합학교, 서울, 한국

 

주요 작품소장

국제 콜라주 아상블라주 박물관(IMCAC), 미국 
국립현대미술관 미술은행, 경기도
YAMAHATA FINE ART, 동경, 일본
스타벅스커피코리아 한국본사, 서울
한국과학기술원(KAIST), 서울
서울중앙지방법원, 서울
서울시립미술관, 서울 
외 다수

 

레지던시
2011. 1.-현재    국립현대미술관 미술창작스튜디오 창동 9기 장기 입주작가

​');





INSERT INTO ARTIST_INFO VALUES('LEE Jeong Lok','
이정록

 

1971 광주 출생

 

학력

 

2002   로체스터공과대학 영상예술대학원 순수사진전공 졸업 

1998   홍익대학교 산업미술대학원 사진디자인전공 졸업 

1996   광주대학교 산업디자인학과 졸업

 

개인전

 

2016   NabiⅡ, 소울아트스페이스, 부산

        Nabi, Pontone Gallery, 런던, 영국

2015   Nabi, 소울아트스페이스, 부산

        See the Unseen, BMW Photo Space, 부산

2014   Journey of Light, 신세계갤러리, 부산

        One Day-Tree of Life, 로고스전원갤러리, 의왕

        Let There Be The Light, Zendai Contemporary Art Space, 상하이, 중국

        Palette of Light, 관훈갤러리

        Tree of Life in Island, 신세계갤러리

        Tree of Life in Island, 신세계갤러리, 광주


주요 그룹전

 

2017   Time Machine : Moment, Light, Camera, 국립대만현대미술관, 타이중, 타이완

        Regard sur la Coree-Beyond the Horizon, Chapelle de hotel Dieu, Dreux, 프랑스

2016   한중현대미술20인전, 광저우미술학원 대학성미술관, 광저우, 중국

        미디어스토리, 신세계갤러리, 광주

        Image of Silk Road-Photography Biennale of Tianshui, 천수, 중국

        China International Photographic Festival, 정주미술관, 정주, 중국

        Myth''ic, 코로그램

2015   Surveying the Landscape: Contemporary Korean Photography, Wall Space gallery, 산타바바라, USA

        서울사진축제,기쁜우리 젊은 날-사진으로 되새기는 광복 70주년, 서울시립 북서울미술관

        Foto Istanbul, Kabatas, 이스탄불, 터키

        따리국제사진페스티벌, 따리고성, 운남성, 중국

        Magic Realism, S plus gallery

        Master of Light, Shine Artist, 런던, 영국

        물도 꿈을 꾼다, 제주도립미술관, 제주

2014   Nature, in process, space cottonseed, 싱가폴

        하정웅청년작가초대전-빛2014, 광주시립미술관, 광주

        대구사진비엔날레 특별전-만월, 대구문예회관, 대구

        역병의해 일지, 아르코미술관

        미술관속 사진페스티벌-역사, 광주시립미술관, 광주

수상 및 레지던시

 

2015   수림사진문화상 수상 

        Redpoll Photo Awards Best Photographer 수상, 중국 

2014   중국 상해 히말라야미술관 정대주가각예술관 국제레지던시 입주작가

2013   제주도 가시리 창작스튜디오 입주작가

2009   광주시립미술관 창작스튜디오 입주작가

2006   의재창작스튜디오 1기 입주작가

2006   신세계미술제 대상 외 다수

 

작품소장

 

국립현대미술관 미술은행, 광주시립미술관, 대림미술관, 아트선재미술관, 웨스틴 조선호텔 부산, 
일민미술관, 전라남도청, 고은사진미술관

외 다수

​

​

​');

